,image_name,Good,Usable,Reject
0,10037_left.png,0.9867312,0.010519045,0.008411354
1,10047_right.png,0.04287423,0.9494918,0.05195232
2,1008_right.png,0.98701155,0.010429642,0.008382582
3,10091_right.png,0.07924655,0.44057578,0.3211458
4,10105_right.png,0.052189656,0.9399445,0.048729725
5,10109_left.png,0.7221114,0.27769348,0.013663345
6,10123_right.png,0.98758,0.009966167,0.008259523
7,10128_right.png,0.1046394,0.8487946,0.06575809
8,10159_left.png,0.98758066,0.009966853,0.008258555
9,10177_left.png,0.98758113,0.009966867,0.00825843
10,10192_left.png,0.05160851,0.94110036,0.04873251
11,10202_left.png,0.04340927,0.94968957,0.051309492
12,10219_left.png,0.67708284,0.37209418,0.0055343565
13,10221_right.png,0.07593313,0.86437374,0.08236473
14,10232_right.png,0.07467279,0.9186035,0.039338306
15,10234_left.png,0.9875196,0.010019491,0.008264634
16,10235_right.png,0.10688436,0.884209,0.030948134
17,10244_left.png,0.17853174,0.8111961,0.036152568
18,10253_right.png,0.98628753,0.009863636,0.009017867
19,1030_right.png,0.043337766,0.9500064,0.051081672
20,10319_left.png,0.024671476,0.039331287,0.953992
21,10326_left.png,0.91999656,0.06961009,0.010371299
22,10397_right.png,0.95611525,0.044088744,0.006197617
23,1043_left.png,0.9412357,0.048951074,0.0073863864
24,10454_left.png,0.987503,0.010027534,0.00825044
25,10457_left.png,0.9866477,0.010800889,0.008301418
26,10468_left.png,0.987581,0.00996691,0.008258379
27,10551_left.png,0.03626136,0.815825,0.19813845
28,10572_left.png,0.042781513,0.56375283,0.33225113
29,10574_left.png,0.9835608,0.013031292,0.00950181
30,10579_left.png,0.32997724,0.61505795,0.027791627
31,10592_right.png,0.037125718,0.91461706,0.08222435
32,10616_right.png,0.98758113,0.009966787,0.008258457
33,10634_right.png,0.976219,0.016796825,0.012115277
34,10666_left.png,0.09119003,0.89701134,0.047712337
35,10671_right.png,0.058662854,0.8730465,0.08844037
36,10726_right.png,0.79075086,0.17485626,0.023153443
37,1077_right.png,0.25473413,0.7218102,0.028831774
38,10788_right.png,0.021570368,0.44488233,0.5488026
39,10866_right.png,0.118293494,0.8715656,0.04434751
40,10925_right.png,0.9875689,0.009975627,0.008261325
41,10986_right.png,0.98757976,0.0099677,0.008258215
42,10988_right.png,0.9063834,0.082946636,0.008413296
43,11005_left.png,0.040917173,0.9410295,0.05970964
44,11031_right.png,0.95869917,0.03097144,0.015606288
45,11042_left.png,0.0438397,0.9464675,0.053190213
46,11089_right.png,0.98751533,0.009925645,0.008306861
47,11098_left.png,0.043195322,0.94885147,0.052103937
48,11163_right.png,0.9052862,0.0828258,0.012029482
49,11189_right.png,0.10589642,0.8917264,0.026839476
50,11206_left.png,0.98757243,0.009977163,0.00825218
51,11206_right.png,0.98756856,0.00998063,0.00825124
52,11238_right.png,0.84136826,0.13847212,0.013332659
53,11243_right.png,0.043788657,0.9498821,0.050665077
54,11245_right.png,0.22992642,0.739757,0.023902377
55,11249_right.png,0.040474538,0.93558794,0.06780676
56,11254_right.png,0.89702153,0.08333841,0.01910754
57,11291_left.png,0.045614913,0.9474031,0.05025208
58,11292_right.png,0.98758113,0.009966778,0.008258457
59,11387_left.png,0.9211883,0.059723828,0.014481609
60,1139_left.png,0.98756045,0.009982976,0.008264708
61,1140_right.png,0.987581,0.009966703,0.008258567
62,11425_right.png,0.08864848,0.90434504,0.033502005
63,1145_right.png,0.9875771,0.009969977,0.008257906
64,11526_right.png,0.90272695,0.075765066,0.010160888
65,11529_right.png,0.024051437,0.042113297,0.95169014
66,11535_left.png,0.045664355,0.93041676,0.062288716
67,11535_right.png,0.38888764,0.5521643,0.025008844
68,11549_right.png,0.98754114,0.009996671,0.008271649
69,1159_left.png,0.9875717,0.009973254,0.008262434
70,11649_right.png,0.98253375,0.013714068,0.009468014
71,11650_right.png,0.025058893,0.039129183,0.9531009
72,11661_left.png,0.043429583,0.9500428,0.050997954
73,11689_right.png,0.022989145,0.05341161,0.940261
74,11697_right.png,0.98693967,0.010354153,0.008534049
75,11729_left.png,0.026513215,0.30420554,0.70245975
76,11730_left.png,0.07477152,0.916014,0.04237352
77,11730_right.png,0.78987557,0.19311532,0.021658504
78,11736_left.png,0.9875802,0.009966594,0.008258813
79,11770_left.png,0.98758066,0.009966796,0.008258633
80,11772_left.png,0.9688904,0.027442487,0.007005607
81,1178_right.png,0.8975943,0.086606115,0.013140234
82,11790_right.png,0.9584128,0.034510832,0.011937509
83,11815_right.png,0.9710378,0.02486453,0.009364998
84,11821_left.png,0.043863222,0.9495808,0.050918348
85,11823_right.png,0.02715757,0.69431853,0.29833534
86,11844_right.png,0.043791246,0.95004034,0.050601084
87,11847_left.png,0.98476934,0.012372791,0.008577481
88,11850_left.png,0.043790966,0.8956813,0.100352354
89,11858_left.png,0.98746246,0.010060866,0.008291159
90,11858_right.png,0.98758054,0.009966919,0.008258563
91,11859_left.png,0.98726696,0.010105091,0.008399968
92,11865_left.png,0.19117379,0.7874758,0.026944516
93,11915_left.png,0.9875809,0.00996657,0.00825866
94,11915_right.png,0.986896,0.009449791,0.008790182
95,11962_right.png,0.038972087,0.8634877,0.11515314
96,11983_left.png,0.95387495,0.036655378,0.011815636
97,11995_right.png,0.040631004,0.5014539,0.49437895
98,12003_right.png,0.0447307,0.9444184,0.053968206
99,12005_left.png,0.056852955,0.93558985,0.04650074
100,12036_right.png,0.026021563,0.038785506,0.9518464
101,12070_right.png,0.762701,0.2123955,0.010967043
102,12092_left.png,0.98758113,0.009966749,0.008258496
103,12117_left.png,0.06012451,0.9364789,0.04349607
104,12130_left.png,0.04682936,0.9442677,0.051543478
105,12139_right.png,0.98758113,0.009966773,0.008258465
106,12149_right.png,0.032203633,0.60275936,0.35474798
107,12158_left.png,0.98758113,0.009966778,0.008258462
108,12172_left.png,0.91467214,0.060889576,0.016923487
109,12299_left.png,0.046622213,0.93638325,0.0604827
110,12306_right.png,0.043931626,0.9456206,0.054015335
111,12311_left.png,0.9875754,0.0099650845,0.008261746
112,12316_left.png,0.04350463,0.9493582,0.051488046
113,12325_right.png,0.04260121,0.9367735,0.06382564
114,12331_right.png,0.98388726,0.012575271,0.008934639
115,12344_left.png,0.029511206,0.5473162,0.44916937
116,12480_left.png,0.98758113,0.009966764,0.0082585
117,12480_right.png,0.9875717,0.009971903,0.008263442
118,12481_left.png,0.32115886,0.63825023,0.027949266
119,12481_right.png,0.78552467,0.1671178,0.0140284905
120,12514_right.png,0.8239121,0.165766,0.008429609
121,12545_left.png,0.9875038,0.010031318,0.008271895
122,12614_left.png,0.9874944,0.010043916,0.008256705
123,12615_left.png,0.9874334,0.010134124,0.008168644
124,12650_left.png,0.19473208,0.77685416,0.036651395
125,12699_right.png,0.02473404,0.039737433,0.9536779
126,12722_left.png,0.98758113,0.009966749,0.008258489
127,12734_left.png,0.19362047,0.50611836,0.17269145
128,12739_right.png,0.70340616,0.232259,0.040313177
129,12743_right.png,0.060072917,0.9357915,0.043392256
130,12773_left.png,0.98745084,0.010094046,0.008232519
131,1277_left.png,0.9853277,0.012143738,0.008033476
132,12805_right.png,0.987581,0.009966956,0.008258367
133,12810_right.png,0.10629658,0.88774747,0.041495334
134,12823_left.png,0.98758113,0.009966844,0.008258418
135,12824_right.png,0.3400095,0.6175241,0.035692956
136,12831_right.png,0.9845254,0.012444478,0.008916148
137,12835_right.png,0.028135015,0.34342995,0.61948603
138,12872_right.png,0.042938158,0.9494315,0.051781043
139,12875_left.png,0.9875795,0.009967596,0.008258496
140,12881_right.png,0.025814094,0.10221431,0.88372135
141,12899_left.png,0.98758113,0.009966778,0.008258462
142,12911_left.png,0.019191792,0.5506989,0.50299126
143,12924_left.png,0.09922844,0.87723583,0.042710185
144,12929_left.png,0.9868527,0.010681607,0.008177349
145,12931_right.png,0.025898961,0.40207863,0.5559527
146,12942_right.png,0.024695061,0.039042324,0.95427424
147,12948_right.png,0.982312,0.014634953,0.008656896
148,1296_right.png,0.9873291,0.010179781,0.008289869
149,12993_right.png,0.98758113,0.009966778,0.008258462
150,13002_left.png,0.031009205,0.08751741,0.90905565
151,13011_left.png,0.027126992,0.124923125,0.85419756
152,1301_right.png,0.98757917,0.0099687865,0.008257704
153,13031_right.png,0.9756538,0.020419456,0.00921239
154,1309_left.png,0.08451677,0.90015864,0.04323616
155,13101_left.png,0.049952596,0.943574,0.049240485
156,13125_left.png,0.023866545,0.11819914,0.87281996
157,13169_left.png,0.04771458,0.9375692,0.055049498
158,13175_left.png,0.68630105,0.3111783,0.015688777
159,13186_right.png,0.97339576,0.017220296,0.014401208
160,13207_left.png,0.04253086,0.5449725,0.42133617
161,13209_left.png,0.043153554,0.9499095,0.051270165
162,13229_right.png,0.9875808,0.009966844,0.008258493
163,13239_left.png,0.04189802,0.9429481,0.057043176
164,13261_right.png,0.98136216,0.016568484,0.0071095503
165,13267_left.png,0.5599061,0.42967752,0.016428046
166,13267_right.png,0.98749954,0.010028405,0.008279175
167,13279_right.png,0.043102823,0.9503156,0.0510957
168,13345_left.png,0.056046523,0.9278148,0.056255206
169,13418_left.png,0.5166392,0.42161742,0.025434729
170,13418_right.png,0.9607484,0.031252485,0.010468498
171,13447_left.png,0.98758113,0.009966759,0.008258489
172,13450_left.png,0.04219638,0.93967336,0.059959702
173,13466_right.png,0.98645824,0.010919582,0.008406953
174,13495_left.png,0.9457382,0.056602113,0.0052740867
175,13522_right.png,0.9875782,0.009965065,0.008260399
176,13585_right.png,0.06151101,0.8941672,0.06464104
177,13591_right.png,0.043900665,0.9411714,0.057221763
178,13605_right.png,0.78177166,0.015699847,0.122035205
179,13652_right.png,0.98756045,0.009978213,0.008260805
180,13665_right.png,0.20297553,0.8038898,0.024873791
181,13667_right.png,0.87950236,0.10629839,0.014876118
182,13684_left.png,0.98758113,0.009966764,0.008258473
183,13693_right.png,0.048605375,0.9453333,0.046911173
184,1369_right.png,0.98494697,0.0122696115,0.008457587
185,13704_left.png,0.9859147,0.009568389,0.009630745
186,13706_left.png,0.052243665,0.93371755,0.05352106
187,13768_left.png,0.043475088,0.9495278,0.05134353
188,13768_right.png,0.09553115,0.89495575,0.031868875
189,1376_right.png,0.81952924,0.15779383,0.021619327
190,13808_right.png,0.066459246,0.9235035,0.04642243
191,13819_right.png,0.96243703,0.02864072,0.008251583
192,13823_right.png,0.98758113,0.009966759,0.008258489
193,13838_left.png,0.97467357,0.017076839,0.014530054
194,13848_left.png,0.15348396,0.7883138,0.046804223
195,13871_right.png,0.07453311,0.9023749,0.053842843
196,13923_left.png,0.041256566,0.851295,0.12718715
197,13931_left.png,0.088287234,0.9012164,0.03689505
198,1396_right.png,0.9875645,0.00995504,0.008271285
199,13975_right.png,0.02458405,0.051845763,0.94036895
200,14045_left.png,0.88770884,0.09267923,0.015428138
201,14110_right.png,0.9875683,0.009979537,0.008255489
202,14125_right.png,0.046405587,0.9327449,0.06341628
203,1413_left.png,0.022055296,0.6608709,0.37800777
204,14159_right.png,0.9851894,0.011986178,0.008549927
205,14170_right.png,0.02805293,0.81275225,0.17691727
206,14172_right.png,0.04912597,0.9439211,0.0487888
207,14177_left.png,0.98758113,0.009966778,0.008258462
208,14205_left.png,0.81206155,0.1665973,0.018204218
209,14205_right.png,0.6433454,0.32882857,0.01756842
210,1420_right.png,0.76360124,0.24225678,0.0149441445
211,14227_left.png,0.033856135,0.7132139,0.22151041
212,14228_left.png,0.043370094,0.9502589,0.05091413
213,14245_left.png,0.9278683,0.0118612265,0.040076092
214,14269_right.png,0.2804596,0.692896,0.028382402
215,14309_right.png,0.9875672,0.009978143,0.008260785
216,14312_right.png,0.9804765,0.015987549,0.009197565
217,14360_right.png,0.98734504,0.010196877,0.008222049
218,14367_left.png,0.03131917,0.6643483,0.27395684
219,14371_right.png,0.987581,0.009966745,0.008258512
220,14376_left.png,0.032427195,0.2695264,0.695514
221,14397_left.png,0.9875802,0.009967272,0.008258438
222,1444_left.png,0.8752072,0.10598895,0.016076159
223,14466_right.png,0.98755383,0.009988733,0.008263384
224,14480_left.png,0.9875547,0.009991874,0.008254923
225,14480_right.png,0.9861682,0.010749462,0.0088598365
226,14490_right.png,0.05919516,0.9269685,0.054008026
227,14510_left.png,0.91093665,0.07781795,0.0123735545
228,14515_left.png,0.9875711,0.009971804,0.008263747
229,14548_right.png,0.024575979,0.040137123,0.95352286
230,14572_left.png,0.03619908,0.90316683,0.09469961
231,14614_right.png,0.114241384,0.8637906,0.048473764
232,14627_left.png,0.8621591,0.123695105,0.014127706
233,14651_right.png,0.09646821,0.8960946,0.031087436
234,14664_right.png,0.98240477,0.014424691,0.008759699
235,14668_right.png,0.04568113,0.94734496,0.050107993
236,14684_right.png,0.032489743,0.5830693,0.45816845
237,14703_left.png,0.021850677,0.090766415,0.908228
238,14703_right.png,0.024671957,0.038958464,0.9544027
239,1471_right.png,0.9752171,0.020860024,0.008992378
240,14809_left.png,0.1370392,0.83546835,0.053072017
241,14891_left.png,0.9864839,0.011047336,0.008071862
242,14894_right.png,0.08673572,0.89911145,0.041918688
243,14917_right.png,0.98702234,0.010319646,0.0084740175
244,14927_right.png,0.98602957,0.01126634,0.008478735
245,14929_left.png,0.9868455,0.0107645225,0.007891749
246,14936_left.png,0.5136139,0.48184395,0.0239041
247,1495_left.png,0.98754764,0.009987568,0.008270061
248,14961_right.png,0.051393572,0.8872162,0.09233706
249,14964_right.png,0.9870864,0.010395719,0.008303083
250,1496_right.png,0.05556849,0.88553077,0.09608491
251,14980_left.png,0.03511195,0.75022197,0.2507757
252,15023_right.png,0.98758,0.009965884,0.008259344
253,15031_right.png,0.045062467,0.9456441,0.052665897
254,15052_right.png,0.91097784,0.073908105,0.007804995
255,15064_right.png,0.045310132,0.94364744,0.0540043
256,15093_right.png,0.8772041,0.11417422,0.010941671
257,15112_right.png,0.47924668,0.51532584,0.018488102
258,15139_right.png,0.06360273,0.9124541,0.057473056
259,15185_right.png,0.26299152,0.69360906,0.03403813
260,1532_left.png,0.20264594,0.7714829,0.028262746
261,15430_right.png,0.10412389,0.87808007,0.04604479
262,15441_left.png,0.9869495,0.010537331,0.008259516
263,1544_right.png,0.036967993,0.48562217,0.4134969
264,15450_left.png,0.57056737,0.4221627,0.018932194
265,15481_right.png,0.035365056,0.85584956,0.13780399
266,15509_right.png,0.042455856,0.939676,0.059454437
267,15515_right.png,0.040730886,0.90860105,0.08167237
268,15518_right.png,0.16833931,0.7820788,0.032028206
269,1552_left.png,0.98723197,0.010295544,0.008232862
270,15557_right.png,0.044894885,0.93229276,0.06094645
271,15602_right.png,0.7276367,0.24115695,0.011604531
272,15616_right.png,0.9796984,0.016137527,0.0091961445
273,15631_right.png,0.02676363,0.055337615,0.9345887
274,15638_left.png,0.021814667,0.1931696,0.8289325
275,15639_left.png,0.23091495,0.7570932,0.02589486
276,15684_right.png,0.98757577,0.009971682,0.008256942
277,15695_right.png,0.98756915,0.009979594,0.008252738
278,15696_right.png,0.9504013,0.03805805,0.015779762
279,15708_left.png,0.98758113,0.009966806,0.0082584685
280,15741_right.png,0.9804309,0.011088817,0.012009302
281,15793_left.png,0.9875014,0.010030668,0.008273195
282,15835_right.png,0.89748436,0.016354864,0.05089757
283,15868_right.png,0.33395696,0.68688726,0.022160811
284,15886_right.png,0.98758113,0.009966796,0.008258457
285,15914_right.png,0.034971017,0.8447391,0.1386508
286,15930_right.png,0.9875799,0.009965667,0.00825952
287,15938_left.png,0.043752644,0.8686161,0.09993602
288,15975_left.png,0.040938042,0.8074881,0.1902424
289,15994_left.png,0.9862044,0.011203569,0.008300605
290,16036_left.png,0.89936775,0.08506957,0.013362249
291,16038_left.png,0.027600553,0.06828178,0.9222975
292,16042_right.png,0.10605909,0.88794714,0.027825247
293,16046_left.png,0.02462013,0.039927635,0.9535568
294,16268_right.png,0.97874844,0.01899819,0.0064317803
295,16280_left.png,0.5636839,0.2714338,0.077124126
296,16287_left.png,0.04326146,0.9498408,0.051281765
297,16287_right.png,0.04129765,0.92129153,0.081067055
298,1632_right.png,0.986858,0.010483105,0.008409267
299,16350_left.png,0.026623031,0.6313223,0.32567877
300,16360_left.png,0.9789932,0.01609977,0.009425059
301,16386_left.png,0.04617088,0.8553368,0.124709316
302,16408_right.png,0.9121688,0.072481655,0.014055226
303,16412_right.png,0.059865788,0.92906016,0.052010734
304,16445_left.png,0.04696803,0.9470613,0.04933737
305,16458_left.png,0.16854243,0.81925696,0.042380676
306,1657_left.png,0.120295025,0.8678966,0.033408027
307,16585_left.png,0.04264651,0.9480733,0.05301746
308,16602_right.png,0.12719138,0.8456507,0.05634557
309,16612_right.png,0.92166674,0.064256534,0.013452944
310,16631_left.png,0.043231472,0.95058817,0.0508073
311,1663_right.png,0.042813163,0.9463697,0.053784303
312,16641_right.png,0.80686915,0.18868172,0.01184892
313,16661_left.png,0.052121155,0.7627107,0.14074484
314,16666_left.png,0.03160358,0.63663757,0.3940669
315,16718_right.png,0.48382163,0.4233872,0.033575036
316,16726_left.png,0.9856684,0.011730485,0.007998524
317,16726_right.png,0.97968644,0.01690743,0.008897925
318,16732_left.png,0.6848841,0.21453306,0.050002784
319,16748_left.png,0.6038531,0.32393417,0.035868574
320,1674_left.png,0.054136872,0.9294645,0.057912417
321,1674_right.png,0.05047732,0.9422638,0.047481526
322,16757_right.png,0.25459716,0.7235328,0.021233175
323,16759_right.png,0.98677105,0.010735537,0.0081502255
324,16774_left.png,0.53252524,0.44298527,0.015372362
325,16790_right.png,0.06591819,0.60035354,0.27963817
326,16808_left.png,0.23589653,0.5988745,0.057631236
327,16818_right.png,0.044950258,0.94697064,0.05118217
328,16832_right.png,0.95210254,0.03914911,0.011927951
329,16907_right.png,0.041388,0.91064554,0.0770839
330,16925_left.png,0.040041115,0.83665603,0.11903195
331,16936_right.png,0.44295195,0.55404603,0.017840289
332,17004_left.png,0.023378238,0.04866558,0.9459628
333,17028_right.png,0.9776184,0.019156236,0.0084626945
334,17037_right.png,0.91844064,0.07299227,0.009832734
335,17044_left.png,0.9872606,0.010226391,0.008325553
336,17055_left.png,0.041534446,0.934993,0.06297545
337,17089_left.png,0.045787748,0.9478142,0.049867257
338,17101_right.png,0.029800449,0.062188998,0.92320246
339,17135_right.png,0.25145334,0.6441921,0.08341206
340,17160_left.png,0.8289325,0.037109405,0.075318485
341,17220_left.png,0.98757756,0.009970189,0.008257712
342,17261_right.png,0.3162301,0.53421706,0.094235495
343,172_left.png,0.025159065,0.04399126,0.9493265
344,17318_left.png,0.039713103,0.9287646,0.06802527
345,17338_left.png,0.7579609,0.21437156,0.015090258
346,17373_left.png,0.63293594,0.3467121,0.019212034
347,17396_left.png,0.9790856,0.009523484,0.014588369
348,17403_right.png,0.059821617,0.3525284,0.48580176
349,17409_left.png,0.98758113,0.009966778,0.008258457
350,1743_right.png,0.98755264,0.009948735,0.008279558
351,17476_left.png,0.887057,0.038963314,0.042355005
352,17483_left.png,0.060421452,0.9244998,0.05434058
353,17511_right.png,0.98741573,0.010130546,0.008234544
354,1752_right.png,0.52243125,0.48469597,0.012781075
355,17548_left.png,0.027215464,0.14919089,0.86069703
356,17580_right.png,0.9820312,0.015070561,0.008323052
357,17583_left.png,0.98656857,0.010715017,0.008630283
358,17586_left.png,0.98665965,0.010740015,0.008385202
359,17604_left.png,0.02731547,0.85600495,0.17327872
360,17634_right.png,0.18722849,0.7906343,0.028652484
361,17647_left.png,0.20770028,0.7803539,0.02645645
362,17711_right.png,0.049241766,0.9425003,0.050134372
363,17744_left.png,0.20056021,0.79772216,0.040655963
364,17817_right.png,0.52863485,0.3370164,0.05659229
365,17827_left.png,0.3331389,0.6635196,0.023637066
366,17840_right.png,0.9875689,0.009965239,0.008265858
367,17843_left.png,0.03411743,0.8577119,0.12811098
368,17850_left.png,0.020693667,0.059485923,0.9400258
369,17873_right.png,0.87062025,0.07419271,0.038142778
370,17892_left.png,0.03709061,0.8586233,0.1293106
371,17894_right.png,0.44567883,0.5458849,0.013522673
372,17934_left.png,0.98758113,0.009966778,0.0082584685
373,18017_right.png,0.02382474,0.087754436,0.91894066
374,18059_left.png,0.024578761,0.04141829,0.95174587
375,18082_left.png,0.14975412,0.8532702,0.03439627
376,18095_right.png,0.9626213,0.031567555,0.009513194
377,18105_left.png,0.09100212,0.7465548,0.12525214
378,18133_left.png,0.9875803,0.0099676065,0.008258188
379,18143_left.png,0.04380158,0.94193524,0.05642597
380,1815_left.png,0.07450674,0.9116839,0.04556037
381,18163_left.png,0.9237039,0.07044474,0.00915673
382,18172_left.png,0.98758113,0.009966844,0.008258427
383,18233_right.png,0.04688319,0.9420421,0.052769434
384,18235_left.png,0.05388661,0.9403274,0.04664249
385,18255_right.png,0.5335788,0.4095759,0.018194132
386,18303_right.png,0.9840242,0.013156569,0.008446924
387,18307_right.png,0.98757243,0.009976183,0.008254455
388,18314_left.png,0.02467214,0.038931567,0.95441604
389,18316_left.png,0.10642738,0.89792246,0.032862272
390,18351_left.png,0.9875382,0.01001186,0.008246664
391,18362_right.png,0.9867486,0.010662737,0.008398022
392,18363_right.png,0.987566,0.009978613,0.008257535
393,18382_right.png,0.043759298,0.94920105,0.051295895
394,18405_right.png,0.987581,0.009966693,0.008258548
395,18420_right.png,0.9875636,0.009974898,0.0082644895
396,18432_left.png,0.987573,0.009975679,0.008254444
397,18432_right.png,0.9875767,0.009965479,0.008260661
398,18438_right.png,0.9090193,0.06855985,0.021658575
399,18446_left.png,0.97193223,0.023337392,0.0077030137
400,18450_left.png,0.024640491,0.040640287,0.952532
401,18451_right.png,0.042655118,0.93726885,0.059885092
402,18460_right.png,0.98752046,0.010021113,0.008260754
403,18466_left.png,0.15654759,0.8215123,0.035359967
404,18486_right.png,0.9875804,0.009966419,0.00825891
405,18502_right.png,0.028889518,0.08114947,0.89750504
406,18508_right.png,0.023483183,0.056935847,0.94189954
407,1853_right.png,0.024821198,0.039794248,0.9530775
408,18570_left.png,0.98758113,0.009966802,0.008258454
409,18575_left.png,0.08688558,0.75246793,0.13842541
410,18575_right.png,0.9721497,0.023105418,0.009569934
411,18603_left.png,0.05463303,0.9385068,0.047365077
412,18633_left.png,0.978525,0.018562373,0.0074072443
413,18656_right.png,0.6898674,0.32011032,0.014314595
414,18678_right.png,0.12271214,0.8626871,0.03829218
415,18740_right.png,0.098455586,0.8732885,0.051453434
416,18751_left.png,0.14441955,0.8313619,0.042205054
417,18770_right.png,0.09359075,0.8904932,0.03997022
418,18775_right.png,0.13547914,0.86309826,0.04322042
419,18780_left.png,0.98758113,0.00996681,0.008258465
420,18780_right.png,0.987581,0.00996681,0.008258489
421,18834_right.png,0.9863127,0.010181877,0.009146927
422,18848_left.png,0.9875809,0.009966627,0.008258626
423,18873_right.png,0.9858679,0.011425343,0.008508845
424,18901_left.png,0.024664283,0.038969114,0.9544155
425,18901_right.png,0.04413444,0.94663864,0.052515436
426,18919_right.png,0.16828808,0.81015646,0.030958002
427,19004_right.png,0.9875809,0.009967112,0.00825827
428,19018_right.png,0.20626144,0.7814524,0.032753345
429,19071_left.png,0.9848439,0.012350145,0.008416153
430,19075_left.png,0.055232886,0.93595487,0.04842272
431,19099_right.png,0.98736435,0.010166735,0.008201974
432,19114_left.png,0.12373731,0.864278,0.032283664
433,19165_right.png,0.04399736,0.84167576,0.12758937
434,19192_right.png,0.9712469,0.023291497,0.010512259
435,19193_right.png,0.9773678,0.018609118,0.008738785
436,1919_right.png,0.7172231,0.27840865,0.016875945
437,19200_left.png,0.98731726,0.01020052,0.008267668
438,1920_left.png,0.9802506,0.016995456,0.008094805
439,19276_right.png,0.04726209,0.936789,0.05545686
440,19288_right.png,0.16919966,0.80074894,0.036256943
441,19293_left.png,0.024875943,0.041396778,0.9514816
442,19306_right.png,0.02472314,0.03980489,0.9534186
443,19338_left.png,0.08787938,0.9055173,0.041676033
444,1933_left.png,0.024748182,0.038883995,0.9542664
445,19347_left.png,0.024726123,0.03897713,0.9543024
446,19347_right.png,0.9665257,0.025425978,0.012604529
447,19350_left.png,0.043272574,0.950448,0.050883148
448,19380_left.png,0.111950375,0.88389915,0.0400333
449,19395_left.png,0.98623765,0.010643314,0.008782454
450,19395_right.png,0.9872731,0.009960362,0.008440884
451,19406_left.png,0.03485655,0.8655449,0.14288117
452,1941_right.png,0.040269684,0.94445586,0.05923735
453,19421_right.png,0.9868901,0.010605636,0.0082300315
454,19422_right.png,0.6967564,0.28523242,0.023028733
455,19441_left.png,0.04637423,0.94677377,0.04972746
456,19441_right.png,0.04360621,0.95013094,0.050716244
457,19452_left.png,0.9431677,0.05022057,0.009989213
458,19478_left.png,0.9875802,0.009966062,0.008259212
459,19553_left.png,0.74713993,0.17770156,0.022141095
460,19595_left.png,0.98758066,0.009966585,0.008258872
461,19612_right.png,0.98758113,0.009966759,0.008258493
462,19680_left.png,0.04439397,0.8664699,0.0974049
463,19761_right.png,0.5722799,0.41103178,0.017220782
464,19770_left.png,0.7293377,0.23633467,0.025796352
465,19864_right.png,0.98739374,0.010133233,0.0082603
466,1986_right.png,0.024596024,0.0687082,0.91956747
467,1987_right.png,0.95939827,0.033773497,0.011793343
468,19897_left.png,0.07250318,0.90370935,0.05670956
469,19925_left.png,0.98758113,0.009966778,0.008258457
470,19976_left.png,0.024680931,0.039866272,0.95311487
471,19986_right.png,0.059668675,0.93419826,0.043627292
472,19990_left.png,0.040412202,0.6839171,0.2900015
473,20003_left.png,0.91465235,0.0641031,0.010996973
474,20019_right.png,0.03736279,0.92348695,0.07486563
475,2001_left.png,0.98659176,0.010830437,0.008272799
476,20020_right.png,0.9875808,0.009966815,0.008258586
477,20026_right.png,0.024725363,0.042882543,0.9500127
478,20095_right.png,0.050120726,0.9431942,0.046819054
479,20111_right.png,0.039569013,0.8984136,0.10182343
480,20119_left.png,0.9677651,0.027156847,0.010330098
481,20164_right.png,0.04818912,0.90190166,0.08469604
482,20169_right.png,0.98758113,0.009966778,0.008258462
483,2016_right.png,0.025658228,0.046931755,0.9453096
484,20175_left.png,0.98686534,0.010643228,0.008226654
485,20175_right.png,0.046736244,0.9450137,0.051312163
486,20189_left.png,0.9875751,0.009973772,0.008254534
487,20236_right.png,0.82657224,0.15318665,0.013020797
488,20244_left.png,0.024708776,0.039155725,0.95420575
489,20264_left.png,0.072491445,0.9196326,0.046002798
490,20269_right.png,0.024765622,0.039132528,0.9540038
491,20285_right.png,0.98751163,0.010031516,0.008251926
492,20286_left.png,0.9875809,0.009966608,0.008258641
493,20292_left.png,0.13266498,0.8555396,0.028422114
494,20310_left.png,0.98757136,0.009962478,0.008266655
495,20310_right.png,0.98756325,0.009981035,0.008255852
496,20311_left.png,0.043959655,0.93693674,0.05881532
497,20326_left.png,0.042352173,0.946582,0.055201802
498,20328_left.png,0.04277739,0.8804231,0.09909612
499,2034_right.png,0.098021254,0.79052323,0.09453695
500,20351_left.png,0.04194215,0.9461493,0.05488169
501,20360_left.png,0.11429274,0.8766942,0.03006162
502,20361_left.png,0.98758113,0.009966778,0.008258462
503,20370_left.png,0.9745739,0.02116335,0.009867782
504,20384_left.png,0.043323386,0.9491555,0.051767513
505,20402_left.png,0.030236557,0.7464334,0.22145951
506,2044_left.png,0.034729384,0.7147953,0.22335221
507,20462_right.png,0.95617694,0.037973788,0.010068914
508,20469_left.png,0.024221756,0.045214776,0.94845444
509,20478_left.png,0.45747942,0.50811064,0.015526984
510,2047_right.png,0.043669797,0.93861514,0.058941286
511,20505_right.png,0.023844216,0.115771316,0.8849721
512,20508_left.png,0.33014786,0.5925715,0.053985175
513,20550_left.png,0.047131028,0.92340225,0.069996014
514,20624_left.png,0.03654163,0.9116893,0.094348624
515,20627_left.png,0.9567932,0.034298077,0.011851474
516,20662_right.png,0.03325901,0.86908704,0.13665631
517,20671_left.png,0.98678,0.010684721,0.008288811
518,20677_left.png,0.024660429,0.039009903,0.954379
519,20724_left.png,0.025878157,0.042971667,0.94685215
520,20760_right.png,0.033310413,0.59741664,0.34011966
521,20784_left.png,0.026469043,0.07245893,0.9237024
522,20785_right.png,0.9871947,0.010328105,0.008247089
523,20792_left.png,0.05733688,0.9205846,0.049741887
524,20855_left.png,0.9875749,0.009961707,0.00826336
525,20909_left.png,0.987519,0.010020172,0.008257547
526,20926_right.png,0.9875141,0.010001968,0.008280823
527,20945_right.png,0.6268491,0.35904068,0.0084921345
528,2094_right.png,0.10673873,0.8870292,0.030197881
529,20970_left.png,0.9507113,0.040488504,0.013320986
530,21019_right.png,0.84745383,0.117553234,0.018461185
531,21043_right.png,0.98758113,0.009966815,0.008258441
532,2106_right.png,0.03032052,0.29325634,0.6798131
533,21116_left.png,0.9874349,0.01010099,0.008253444
534,21164_left.png,0.97836626,0.021161938,0.005288064
535,21184_left.png,0.029543085,0.88011163,0.12653872
536,21233_left.png,0.9875788,0.009969051,0.008257688
537,21250_left.png,0.9875765,0.009971211,0.008257672
538,2126_left.png,0.89704263,0.083233215,0.0116492
539,21278_left.png,0.98757964,0.009966665,0.008258996
540,21283_left.png,0.055440564,0.9371126,0.048213717
541,21285_left.png,0.046412285,0.9442097,0.05139128
542,21315_left.png,0.043050412,0.9492986,0.051857844
543,21337_right.png,0.046942856,0.92437804,0.06533516
544,21379_right.png,0.98590773,0.011437457,0.00838062
545,21389_right.png,0.023687122,0.08317374,0.9089733
546,21399_right.png,0.9819888,0.014315429,0.009092472
547,21430_right.png,0.10458683,0.8856765,0.030751068
548,21431_left.png,0.5413923,0.446241,0.0219213
549,21444_left.png,0.024673622,0.039015677,0.95435137
550,21446_left.png,0.034800384,0.7517597,0.1833194
551,21454_left.png,0.04455367,0.9483111,0.05091185
552,21469_left.png,0.021785287,0.082458414,0.9146258
553,214_left.png,0.033747084,0.3957715,0.5758197
554,21513_left.png,0.026333397,0.061183047,0.9293177
555,21536_left.png,0.9875122,0.010023128,0.0082573835
556,21540_left.png,0.032446355,0.18215956,0.7909217
557,21565_left.png,0.041193664,0.9439641,0.058018614
558,21594_left.png,0.98757917,0.009968462,0.008258071
559,21635_left.png,0.055465702,0.93716425,0.04953788
560,21637_right.png,0.024709735,0.038894664,0.95438045
561,21664_left.png,0.021008523,0.063181944,0.9347951
562,21704_left.png,0.060728054,0.9276745,0.04515488
563,21757_right.png,0.034674585,0.52464527,0.45726427
564,21768_left.png,0.97330755,0.022632437,0.009227557
565,21793_left.png,0.038678426,0.9186596,0.08182869
566,21796_right.png,0.9842717,0.0124800885,0.009090413
567,21809_right.png,0.024752617,0.04101764,0.9521751
568,21833_left.png,0.98750234,0.010039774,0.008256829
569,21838_right.png,0.024789277,0.03892803,0.9541219
570,21850_left.png,0.046423238,0.94692814,0.04913444
571,21864_right.png,0.025970804,0.06712741,0.9237743
572,21866_left.png,0.044199403,0.9492175,0.05087069
573,21866_right.png,0.045193415,0.94815445,0.050016947
574,21872_right.png,0.064296134,0.92660236,0.04313146
575,21878_left.png,0.11221923,0.8744862,0.03403601
576,21888_right.png,0.9772942,0.018756477,0.00962189
577,21903_left.png,0.98757124,0.009977115,0.0082558645
578,21911_right.png,0.11597598,0.8783731,0.033249468
579,21919_right.png,0.043489553,0.9430149,0.054914817
580,21932_right.png,0.98753965,0.0099957,0.008273652
581,21954_left.png,0.055097472,0.87257665,0.08728924
582,21973_right.png,0.98758113,0.009966768,0.0082584685
583,21975_right.png,0.1806347,0.767565,0.061087083
584,21994_right.png,0.022930674,0.1050982,0.8866454
585,22020_right.png,0.9598882,0.03168168,0.012106446
586,22027_right.png,0.1540453,0.8375283,0.028167317
587,22039_right.png,0.044025093,0.9497211,0.05042434
588,22041_right.png,0.98733056,0.010181185,0.008282906
589,2205_right.png,0.9874341,0.010072874,0.008322281
590,22154_left.png,0.987581,0.009966703,0.008258598
591,22193_right.png,0.98758054,0.009966354,0.008258918
592,22218_left.png,0.9875743,0.009965179,0.008261789
593,22221_right.png,0.9865289,0.01078473,0.008485548
594,22228_left.png,0.98758113,0.009966778,0.008258457
595,22255_left.png,0.98212403,0.013259625,0.010386521
596,22269_left.png,0.047136564,0.93966866,0.05546788
597,22269_right.png,0.03732401,0.9089448,0.08258157
598,22271_right.png,0.86729175,0.10513707,0.025231093
599,22293_left.png,0.025192838,0.03847697,0.9533132
600,22300_right.png,0.050592557,0.52872634,0.40872037
601,22302_right.png,0.045875125,0.9469385,0.050051782
602,22329_right.png,0.034677587,0.7536805,0.2461868
603,22334_left.png,0.97265214,0.022436677,0.010173994
604,2233_right.png,0.86231714,0.111284256,0.012680582
605,22349_left.png,0.043309446,0.9503184,0.050927863
606,22384_right.png,0.04031242,0.9436289,0.057432357
607,22390_right.png,0.043429334,0.95019937,0.05085299
608,22392_left.png,0.044236552,0.9363203,0.062934846
609,22402_right.png,0.95249486,0.044185136,0.007471247
610,22407_left.png,0.77518743,0.23247646,0.008483935
611,22424_left.png,0.024822233,0.039649073,0.95346135
612,22450_right.png,0.049585246,0.897141,0.08597515
613,22457_left.png,0.045333046,0.941371,0.056048635
614,22493_right.png,0.9873137,0.01023229,0.008182812
615,2249_right.png,0.98758113,0.009966853,0.008258441
616,22539_left.png,0.054616913,0.83208334,0.11014956
617,22540_left.png,0.04421363,0.94481766,0.05484519
618,22550_right.png,0.98757976,0.009968353,0.008257777
619,22586_left.png,0.04405938,0.9482457,0.051426694
620,22587_right.png,0.9729979,0.017272973,0.01641142
621,22595_left.png,0.023920624,0.113411434,0.8921016
622,2260_left.png,0.04903161,0.64987266,0.2554733
623,2260_right.png,0.60106736,0.03875356,0.27186668
624,22617_left.png,0.9036013,0.0786884,0.020258844
625,22693_right.png,0.98736435,0.010157818,0.008263783
626,22712_right.png,0.05228657,0.94046605,0.046512242
627,22726_right.png,0.9875329,0.0099285785,0.008295814
628,2272_right.png,0.9875803,0.009967498,0.008258317
629,2273_right.png,0.9392313,0.053778578,0.01169791
630,22749_left.png,0.09139479,0.88602996,0.048473477
631,22749_right.png,0.84530973,0.1416093,0.01279379
632,22778_right.png,0.024714798,0.0396121,0.95383435
633,22828_right.png,0.043911517,0.94913477,0.05114032
634,22903_right.png,0.98633456,0.01110427,0.008175675
635,22923_left.png,0.02986374,0.08488748,0.8980057
636,2294_left.png,0.5701403,0.3836842,0.033318944
637,2294_right.png,0.3573476,0.62872267,0.027211485
638,22981_left.png,0.98758113,0.009966778,0.008258477
639,229_right.png,0.04463156,0.9488524,0.05037195
640,23019_right.png,0.98757344,0.0099738,0.008254568
641,23104_right.png,0.71035415,0.29059502,0.01666026
642,23120_left.png,0.04637325,0.946779,0.049710587
643,23148_left.png,0.98752904,0.010005642,0.008266006
644,23165_right.png,0.37539592,0.6062075,0.017099328
645,23177_right.png,0.023368772,0.064847864,0.9288165
646,23203_left.png,0.9875801,0.009966749,0.008258828
647,23264_right.png,0.04294927,0.7380265,0.24325693
648,23289_right.png,0.20188855,0.76312596,0.041042622
649,23306_right.png,0.9875452,0.009993415,0.00826746
650,23318_left.png,0.029626157,0.14189437,0.8420456
651,23347_left.png,0.9709298,0.022503247,0.01276484
652,23356_left.png,0.077068545,0.90931803,0.045283593
653,23391_left.png,0.9489236,0.042701073,0.01196604
654,23392_right.png,0.9833944,0.013917167,0.008004951
655,23394_left.png,0.32788154,0.59138316,0.037754588
656,23411_right.png,0.042948388,0.9487081,0.05229659
657,23431_right.png,0.98758113,0.009966768,0.008258477
658,23445_right.png,0.042989057,0.93884516,0.058703225
659,23446_left.png,0.046506755,0.9457432,0.05156061
660,23453_right.png,0.044171292,0.9490197,0.050569452
661,23454_left.png,0.9619575,0.032942466,0.009566092
662,23480_right.png,0.9766957,0.019201867,0.0094831865
663,23507_right.png,0.98758,0.009967823,0.008258274
664,23509_left.png,0.034825698,0.7879465,0.18591842
665,23538_left.png,0.568884,0.40257698,0.013282928
666,23540_right.png,0.043328565,0.95038515,0.050819885
667,23547_left.png,0.90239173,0.07523354,0.021138914
668,23559_left.png,0.9863766,0.011014054,0.008326064
669,23590_left.png,0.9854386,0.011916998,0.008287886
670,23605_right.png,0.98758113,0.009966778,0.008258473
671,23606_left.png,0.8313872,0.138968,0.01976695
672,23621_left.png,0.98755544,0.009986459,0.00826118
673,23642_right.png,0.98758113,0.009966778,0.008258457
674,23668_left.png,0.048378717,0.9348528,0.057804465
675,23691_left.png,0.98747,0.010048659,0.0082818605
676,23692_right.png,0.04294751,0.9176901,0.07155208
677,23702_left.png,0.9875042,0.010034969,0.008261601
678,23718_left.png,0.9875803,0.0099661285,0.008259086
679,23806_right.png,0.18292734,0.798312,0.031610053
680,23856_right.png,0.98758066,0.009966411,0.00825884
681,23880_left.png,0.043102372,0.94990194,0.051336337
682,23880_right.png,0.20716874,0.7863791,0.028767047
683,23915_right.png,0.98756856,0.009980059,0.0082520945
684,23916_right.png,0.041942723,0.9426755,0.058306426
685,23923_right.png,0.90389925,0.095027484,0.006924009
686,23943_right.png,0.98758113,0.009966753,0.008258484
687,239_left.png,0.088628046,0.7970882,0.111622885
688,24006_left.png,0.1301974,0.8535121,0.03421298
689,24058_left.png,0.08442633,0.91431373,0.036830533
690,24075_left.png,0.028110377,0.058331266,0.9265478
691,24075_right.png,0.047340438,0.943864,0.050986465
692,24076_left.png,0.9872958,0.010211502,0.008295539
693,2407_left.png,0.024784764,0.038869016,0.95421594
694,24092_right.png,0.98743117,0.009914245,0.008366101
695,240_right.png,0.98758113,0.00996673,0.008258512
696,24104_left.png,0.037735805,0.7992666,0.14252707
697,2412_right.png,0.043400627,0.9495476,0.051224563
698,24166_left.png,0.98758113,0.009966778,0.008258457
699,24166_right.png,0.98727256,0.010262773,0.008187131
700,2422_left.png,0.052910987,0.93389904,0.05330449
701,24235_right.png,0.9875251,0.01001934,0.008253018
702,24259_left.png,0.9482386,0.044927504,0.011119826
703,24281_right.png,0.98456925,0.012565682,0.0085366955
704,24282_left.png,0.029202411,0.12679094,0.87338066
705,24282_right.png,0.027416106,0.47756398,0.5757473
706,24287_right.png,0.042700693,0.9491133,0.052625466
707,24299_left.png,0.044233926,0.9468006,0.052780226
708,24304_right.png,0.98750454,0.010035129,0.008255962
709,24343_right.png,0.98758113,0.009966778,0.008258462
710,24349_left.png,0.051476546,0.94132864,0.047710255
711,24359_right.png,0.9875808,0.009966523,0.008258726
712,24373_left.png,0.37555262,0.61834776,0.028901525
713,24400_right.png,0.059043728,0.93024695,0.050108243
714,24402_left.png,0.2272428,0.7535046,0.022729415
715,24449_right.png,0.519401,0.47760183,0.021776386
716,24478_right.png,0.04294697,0.94986033,0.051760353
717,2447_left.png,0.023605473,0.09675033,0.89357466
718,24491_right.png,0.027797624,0.045211505,0.93883383
719,2453_right.png,0.98758113,0.009966778,0.0082584685
720,24550_left.png,0.057503708,0.9324197,0.049099658
721,24550_right.png,0.34613237,0.61359143,0.020212863
722,2457_left.png,0.050798886,0.9386747,0.05142672
723,24589_right.png,0.043297384,0.9462709,0.054500338
724,24611_right.png,0.98756754,0.009976824,0.008261414
725,24625_left.png,0.03293519,0.9101769,0.10187277
726,24649_right.png,0.21909162,0.7529174,0.023256423
727,24656_left.png,0.040625002,0.8798982,0.101558745
728,24657_right.png,0.024689948,0.039035235,0.95426947
729,24681_right.png,0.23149367,0.7687407,0.040220417
730,24688_left.png,0.046227526,0.94525373,0.05132825
731,24703_right.png,0.37167928,0.28313884,0.14331579
732,24743_right.png,0.104984365,0.8820676,0.043933492
733,24780_left.png,0.024671683,0.038953982,0.9544115
734,24780_right.png,0.025873609,0.052525237,0.9427215
735,24792_right.png,0.92269754,0.0561204,0.02186881
736,24802_left.png,0.9875794,0.009966331,0.008259653
737,24847_left.png,0.8958158,0.09125003,0.012608405
738,24875_right.png,0.86559504,0.10495081,0.025037076
739,24913_left.png,0.04699627,0.90828097,0.08145052
740,24921_right.png,0.41774493,0.20328683,0.22151485
741,24949_left.png,0.04214311,0.6121672,0.401651
742,24999_right.png,0.1157655,0.6785488,0.14232618
743,2499_right.png,0.06258829,0.92984205,0.04306275
744,25059_right.png,0.98227435,0.01455153,0.008847811
745,25070_right.png,0.98758113,0.009966778,0.008258462
746,25071_right.png,0.98758054,0.009966848,0.008258676
747,25087_right.png,0.053163815,0.93587565,0.049417607
748,250_left.png,0.98758113,0.009966782,0.008258489
749,250_right.png,0.9874386,0.009922009,0.008349656
750,25116_right.png,0.98756105,0.00997607,0.008265381
751,25138_left.png,0.9772209,0.021437401,0.00587946
752,25165_right.png,0.024662867,0.038942054,0.95443594
753,25185_left.png,0.98758113,0.009966778,0.008258457
754,25203_left.png,0.9875794,0.009966674,0.008259039
755,25220_left.png,0.04299292,0.9494894,0.05194588
756,25224_right.png,0.03803702,0.91067183,0.088858314
757,25277_left.png,0.046159968,0.90458,0.08527987
758,2527_left.png,0.04933808,0.9349351,0.057104934
759,25303_right.png,0.12183482,0.8646622,0.03404818
760,25329_left.png,0.041484565,0.9459644,0.056460302
761,25329_right.png,0.046255272,0.94526047,0.05129302
762,25330_right.png,0.0603506,0.9225217,0.053438537
763,25352_right.png,0.046244938,0.08480735,0.8710304
764,2536_left.png,0.9833159,0.014298927,0.0076307114
765,25404_left.png,0.9490331,0.039915618,0.015580115
766,25419_right.png,0.9865345,0.010778241,0.008585708
767,25449_right.png,0.98758113,0.009966871,0.008258411
768,25450_right.png,0.034411773,0.9111516,0.08383843
769,25458_right.png,0.043992463,0.9404592,0.059167746
770,25461_right.png,0.6433621,0.3605269,0.017376333
771,25463_left.png,0.018153746,0.59131736,0.51321596
772,25473_left.png,0.044245295,0.92224663,0.06881355
773,25482_left.png,0.02907634,0.15193892,0.831446
774,25518_left.png,0.9822611,0.014518355,0.008829518
775,25529_left.png,0.9622263,0.03224398,0.009951981
776,25531_right.png,0.043290075,0.9308585,0.06547469
777,25562_right.png,0.045410298,0.94607973,0.0520486
778,25567_left.png,0.52320784,0.45072243,0.030319314
779,25567_right.png,0.91952986,0.06938229,0.012166617
780,25576_left.png,0.9875715,0.009965037,0.008264443
781,25576_right.png,0.98756593,0.009978029,0.008260375
782,25584_right.png,0.98758113,0.009966796,0.008258454
783,25600_right.png,0.98755777,0.009983909,0.008258894
784,25650_left.png,0.049878526,0.94426507,0.04665178
785,25697_right.png,0.040496226,0.36084884,0.5656209
786,25708_right.png,0.98758113,0.009966782,0.008258457
787,25720_left.png,0.98757774,0.009970241,0.008257692
788,25733_left.png,0.987581,0.009966947,0.008258356
789,25738_left.png,0.98757917,0.009965884,0.008260145
790,25741_right.png,0.04216186,0.93829143,0.061350543
791,25751_left.png,0.0249991,0.40991265,0.58459324
792,25758_right.png,0.9834478,0.012660199,0.010045505
793,25783_right.png,0.98756844,0.009976452,0.008260946
794,25820_right.png,0.03987185,0.9186225,0.07332477
795,25823_left.png,0.9875426,0.010001194,0.008258891
796,25840_left.png,0.98758113,0.009966778,0.008258457
797,25851_right.png,0.04328751,0.9505508,0.050772455
798,25867_left.png,0.052637234,0.9384485,0.04816063
799,25916_left.png,0.054630075,0.93657297,0.05049599
800,25939_right.png,0.3697227,0.6538739,0.01500893
801,25950_right.png,0.04211037,0.75451916,0.22205916
802,25958_right.png,0.03753706,0.84447634,0.13182417
803,25998_left.png,0.045501273,0.9477103,0.049956147
804,26051_right.png,0.9875793,0.009965404,0.008259898
805,26072_left.png,0.04186684,0.9443362,0.056772627
806,26076_left.png,0.042854633,0.93820006,0.06147888
807,26078_left.png,0.028020905,0.24064131,0.72656196
808,26134_left.png,0.7026494,0.2446341,0.032747075
809,26134_right.png,0.16684695,0.80388194,0.039859906
810,26168_right.png,0.043450594,0.9500813,0.05097924
811,26198_left.png,0.93427247,0.046258725,0.024911026
812,26212_right.png,0.037809853,0.76429135,0.17964078
813,26227_right.png,0.98750824,0.010015779,0.008272219
814,26248_left.png,0.19146125,0.8006171,0.038313925
815,26248_right.png,0.082745485,0.910665,0.042286858
816,26294_right.png,0.948726,0.040181633,0.007768338
817,26305_left.png,0.9875804,0.009967493,0.00825832
818,26308_right.png,0.11636154,0.8877982,0.03381338
819,26313_left.png,0.0393097,0.924927,0.07975681
820,26315_left.png,0.98758113,0.009966778,0.008258457
821,26328_right.png,0.98758113,0.009966778,0.008258462
822,26332_left.png,0.10201587,0.8883364,0.03276885
823,26356_right.png,0.9875803,0.009967389,0.008258142
824,26366_right.png,0.75390905,0.24741764,0.011120644
825,26392_left.png,0.17110309,0.81134635,0.05087
826,26396_left.png,0.17081511,0.8199886,0.040167857
827,26427_left.png,0.23169765,0.75013316,0.020888876
828,26427_right.png,0.05557238,0.90666974,0.064858414
829,26477_left.png,0.104585,0.8808594,0.03534175
830,26481_left.png,0.042725503,0.94903195,0.0525687
831,26483_right.png,0.98758113,0.009966768,0.008258477
832,26512_left.png,0.057787385,0.93336004,0.04523031
833,26512_right.png,0.09828625,0.89615065,0.029042378
834,26556_left.png,0.98758113,0.009966778,0.008258462
835,26564_right.png,0.98758113,0.009966787,0.008258457
836,26610_left.png,0.043882314,0.9492112,0.051334523
837,26615_right.png,0.50485617,0.48022816,0.015479379
838,26616_left.png,0.17004053,0.7872976,0.04062302
839,26627_right.png,0.96207094,0.030465677,0.010181708
840,26672_left.png,0.9872658,0.01022684,0.008318814
841,26728_left.png,0.9816969,0.014859454,0.008319754
842,26737_left.png,0.06276013,0.92416036,0.050718565
843,26737_right.png,0.9840717,0.013208774,0.008202754
844,26766_left.png,0.03994397,0.86792845,0.10255727
845,26773_left.png,0.55214745,0.3903626,0.015164354
846,26802_left.png,0.025019635,0.038666885,0.95395565
847,26806_right.png,0.04422324,0.94672143,0.05259557
848,26817_right.png,0.06352894,0.9284826,0.044945907
849,26841_right.png,0.9006878,0.08674879,0.011195099
850,26857_left.png,0.044054583,0.9493031,0.050768342
851,26857_right.png,0.11453071,0.87523246,0.033748087
852,26862_left.png,0.9875754,0.009964039,0.00826329
853,26881_right.png,0.044936072,0.9057939,0.08881585
854,26882_left.png,0.026545182,0.20665163,0.7641771
855,26905_left.png,0.03466485,0.61571586,0.33406582
856,26905_right.png,0.043231927,0.94284064,0.057063088
857,26919_left.png,0.9565086,0.037473116,0.0105859
858,26919_right.png,0.07141157,0.9214286,0.045465954
859,26944_right.png,0.9870123,0.010460392,0.008307477
860,26967_left.png,0.987581,0.00996673,0.008258539
861,26982_left.png,0.04550435,0.94846815,0.049995743
862,26997_right.png,0.9875808,0.0099669,0.008258438
863,27003_left.png,0.06214582,0.9038624,0.06191843
864,27028_right.png,0.98221636,0.014238907,0.0092391
865,27050_right.png,0.12853688,0.86314255,0.043470167
866,27087_left.png,0.04657899,0.9466649,0.050086614
867,27087_right.png,0.092811085,0.8783675,0.06548397
868,27099_left.png,0.024672532,0.039102715,0.9542416
869,27113_left.png,0.86789286,0.11304149,0.01925494
870,27113_right.png,0.26139477,0.6661357,0.055277225
871,27114_left.png,0.049401674,0.94010913,0.05264865
872,27130_right.png,0.025505358,0.493859,0.51395863
873,27148_left.png,0.9177194,0.069712654,0.013208669
874,27153_left.png,0.48256168,0.46083382,0.017554985
875,27153_right.png,0.9771375,0.020071527,0.008200101
876,27168_right.png,0.987581,0.009966871,0.00825843
877,27260_left.png,0.048707627,0.4745592,0.5098446
878,27264_right.png,0.9875808,0.00996706,0.008258438
879,27301_left.png,0.93301237,0.059155915,0.011046221
880,27304_left.png,0.026829654,0.4092218,0.552863
881,2732_right.png,0.027156297,0.07076159,0.9205336
882,27374_right.png,0.045256164,0.9485684,0.049643345
883,27376_left.png,0.17406788,0.79809725,0.045214564
884,27379_left.png,0.5036256,0.076461636,0.21569467
885,27402_right.png,0.081470795,0.9105188,0.036569763
886,27407_left.png,0.9875809,0.009966618,0.008258641
887,27407_right.png,0.98756546,0.009964091,0.008268028
888,27452_left.png,0.02476298,0.04164934,0.9514625
889,27461_right.png,0.040172346,0.8730985,0.10563243
890,27483_left.png,0.9823958,0.014834645,0.007929148
891,27525_right.png,0.9854174,0.011696464,0.008822668
892,27545_right.png,0.045493133,0.944401,0.052396737
893,27573_right.png,0.98756266,0.009986144,0.008253745
894,27587_left.png,0.04243413,0.8526329,0.10598341
895,27588_right.png,0.038208682,0.9258937,0.074499734
896,27624_left.png,0.8146494,0.15451372,0.022950547
897,27624_right.png,0.9875788,0.009965013,0.008260309
898,27625_right.png,0.98714346,0.010301065,0.008359596
899,27630_left.png,0.9873362,0.010136141,0.008279949
900,27677_right.png,0.50780886,0.45917442,0.019703574
901,2767_left.png,0.024733407,0.03897835,0.95423985
902,27727_left.png,0.024868116,0.042656206,0.95048416
903,27766_right.png,0.5704799,0.3764278,0.024975682
904,27790_right.png,0.06818894,0.9131479,0.05271957
905,27800_right.png,0.06287372,0.917659,0.05810513
906,27867_right.png,0.040523797,0.9293247,0.072128184
907,27889_right.png,0.045360114,0.9483064,0.049783956
908,27893_left.png,0.04374956,0.94997036,0.05058832
909,27906_left.png,0.046645034,0.94500095,0.051192828
910,27959_right.png,0.90897167,0.07933746,0.011245574
911,27988_right.png,0.98758113,0.009966778,0.008258462
912,28001_right.png,0.98467284,0.011771024,0.008871179
913,2800_left.png,0.024795093,0.041083112,0.9515564
914,2802_right.png,0.9875793,0.00996843,0.0082581015
915,28047_left.png,0.9742988,0.023410283,0.0067551653
916,2804_left.png,0.046146173,0.94561934,0.051611796
917,28052_right.png,0.027269954,0.06858804,0.9235759
918,28053_left.png,0.023542643,0.05481927,0.9382053
919,28129_right.png,0.9149877,0.06506066,0.014363787
920,28174_right.png,0.5928175,0.37933615,0.015865274
921,28196_left.png,0.21759939,0.7614554,0.023659635
922,28230_left.png,0.12070615,0.8583324,0.039577078
923,28257_left.png,0.08035659,0.883964,0.061857
924,28368_left.png,0.038625658,0.8975742,0.10429722
925,28369_left.png,0.024706738,0.039233048,0.954037
926,28369_right.png,0.0324479,0.620185,0.448415
927,28393_right.png,0.08029896,0.9043743,0.050787024
928,283_right.png,0.024767425,0.042225454,0.95073503
929,28412_right.png,0.55999655,0.4369664,0.013043311
930,28434_left.png,0.9635637,0.034049537,0.005346612
931,28446_right.png,0.974357,0.020349894,0.009642605
932,28469_left.png,0.98758113,0.009966782,0.008258457
933,28525_left.png,0.054289017,0.9392006,0.04508386
934,28581_left.png,0.9838521,0.013441224,0.00793968
935,28582_left.png,0.98758113,0.009966778,0.008258457
936,28593_left.png,0.035121787,0.597939,0.45276988
937,28593_right.png,0.04152673,0.863999,0.13518047
938,28612_right.png,0.7745112,0.20946473,0.008174139
939,28631_right.png,0.9861081,0.010724872,0.008707279
940,28668_left.png,0.09399381,0.8944987,0.0356469
941,28668_right.png,0.75252575,0.22568744,0.011378683
942,28721_left.png,0.048703454,0.94482034,0.048112568
943,28743_right.png,0.32349056,0.68605417,0.022063272
944,28772_left.png,0.024855893,0.04295258,0.95002407
945,28780_left.png,0.13507354,0.85474724,0.026787164
946,28904_left.png,0.04601172,0.5510617,0.31703454
947,28919_left.png,0.98756903,0.009957758,0.008267855
948,28947_left.png,0.987581,0.009966627,0.00825861
949,28975_right.png,0.98758113,0.009966726,0.008258523
950,28976_right.png,0.024804756,0.039789714,0.953286
951,28978_right.png,0.737281,0.24516745,0.017018605
952,28995_left.png,0.6137635,0.3799364,0.017210398
953,29004_right.png,0.98755264,0.009994077,0.008247522
954,29015_left.png,0.96512944,0.029218517,0.008115134
955,29016_left.png,0.043846354,0.9486687,0.051558234
956,29018_left.png,0.025003815,0.038909122,0.9537897
957,2901_right.png,0.98747474,0.01006305,0.008258894
958,29052_left.png,0.04763386,0.9453368,0.04842953
959,29057_right.png,0.9873399,0.010165368,0.008298093
960,29058_left.png,0.25455305,0.7371158,0.019236408
961,29069_left.png,0.042229727,0.9484021,0.053409837
962,29114_right.png,0.046713565,0.9433473,0.053225648
963,2913_left.png,0.98758054,0.009967106,0.008258481
964,29156_left.png,0.028203815,0.7359768,0.30292717
965,29172_left.png,0.98574543,0.011837314,0.00767217
966,29220_right.png,0.08709535,0.8937048,0.05007525
967,29238_right.png,0.9807401,0.0155267725,0.009667948
968,29314_left.png,0.03429539,0.666076,0.31404
969,29375_right.png,0.9875688,0.009980356,0.0082523795
970,29400_right.png,0.14819892,0.83366555,0.03443252
971,29450_left.png,0.04268723,0.9451626,0.05508356
972,2945_right.png,0.04263855,0.9484719,0.053081125
973,29464_left.png,0.94955015,0.05161938,0.006018559
974,29476_right.png,0.9875016,0.010029712,0.0082711205
975,29484_right.png,0.4632827,0.5262966,0.021273755
976,29490_right.png,0.0994296,0.8905726,0.043792203
977,29494_left.png,0.043760285,0.94949794,0.05101536
978,29494_right.png,0.04236603,0.9419648,0.057634156
979,29506_left.png,0.024516303,0.0928423,0.9037449
980,29514_right.png,0.98758113,0.009966778,0.008258465
981,29534_right.png,0.9875187,0.010030574,0.008237703
982,29549_right.png,0.9871787,0.010148929,0.00849981
983,29616_left.png,0.023815554,0.08462412,0.91831106
984,29618_left.png,0.98758066,0.009966721,0.008258641
985,29628_left.png,0.04728393,0.94574565,0.04882311
986,2962_left.png,0.038417116,0.9399628,0.06617518
987,29650_left.png,0.047871027,0.9453218,0.049090948
988,29656_left.png,0.9875808,0.00996722,0.008258317
989,29658_left.png,0.9875809,0.009966919,0.008258406
990,29703_left.png,0.046319727,0.81211585,0.11675215
991,29703_right.png,0.029341102,0.14996736,0.8166846
992,29730_right.png,0.9873892,0.010137358,0.008267041
993,29740_right.png,0.8306757,0.1715396,0.00747541
994,29742_right.png,0.040412407,0.92932934,0.073021084
995,29797_right.png,0.07494526,0.9021551,0.057042357
996,29803_left.png,0.23290381,0.7543377,0.032465227
997,29810_right.png,0.9875566,0.00997899,0.008266366
998,29854_right.png,0.97510487,0.021389704,0.008716817
999,29857_left.png,0.22886913,0.76124424,0.033171985
1000,29865_left.png,0.06822229,0.9169523,0.04630925
1001,29872_left.png,0.044359416,0.9487183,0.050981298
1002,29873_left.png,0.04444374,0.94639885,0.052706473
1003,29880_left.png,0.97245526,0.02208412,0.010678912
1004,29883_right.png,0.97941715,0.016789474,0.009558167
1005,29885_left.png,0.9875767,0.009970853,0.008257782
1006,29894_right.png,0.9875751,0.00996979,0.0082585905
1007,29899_left.png,0.98739594,0.010096313,0.008281575
1008,2992_left.png,0.046938013,0.94486696,0.051613692
1009,2992_right.png,0.1074804,0.8585431,0.06290893
1010,29936_right.png,0.92384756,0.056958083,0.012829955
1011,30004_right.png,0.5720589,0.3477555,0.03977178
1012,3004_right.png,0.98476624,0.012398876,0.0082723135
1013,30192_right.png,0.98756254,0.009958181,0.00827364
1014,30265_right.png,0.98744464,0.010096605,0.0082282955
1015,3026_right.png,0.9875808,0.009967032,0.008258411
1016,30283_left.png,0.042476546,0.87706,0.08639791
1017,30290_left.png,0.048867244,0.94256413,0.051122922
1018,30290_right.png,0.68420243,0.27048224,0.02237022
1019,30296_left.png,0.98758113,0.009966796,0.008258462
1020,30301_left.png,0.98737574,0.010138926,0.008280674
1021,30309_right.png,0.98742235,0.009915613,0.008383739
1022,30313_left.png,0.9866931,0.0108034415,0.0082189385
1023,30353_right.png,0.9875238,0.010008784,0.008269365
1024,30362_left.png,0.98756856,0.009981346,0.008249827
1025,30367_right.png,0.9295729,0.051327396,0.01409165
1026,30378_right.png,0.03181377,0.20044315,0.7575686
1027,30395_right.png,0.85400176,0.12477756,0.018760601
1028,30396_right.png,0.28122276,0.67120343,0.028062494
1029,30414_right.png,0.044740748,0.9061989,0.076244034
1030,30438_right.png,0.98757756,0.009963861,0.008261281
1031,30439_right.png,0.4608307,0.4109824,0.052294962
1032,30445_right.png,0.2775876,0.71069086,0.03373486
1033,3045_right.png,0.983158,0.013819337,0.008545656
1034,30487_left.png,0.031001907,0.8616352,0.15477787
1035,30495_right.png,0.98720634,0.010282215,0.008303872
1036,30496_left.png,0.8904902,0.082790025,0.016438244
1037,30509_right.png,0.44977126,0.4855266,0.034253243
1038,30556_right.png,0.053381186,0.931253,0.05455905
1039,3057_right.png,0.12195397,0.62455213,0.17138727
1040,306_left.png,0.047859844,0.68901,0.24375801
1041,30717_right.png,0.18342932,0.7950874,0.02635572
1042,30755_left.png,0.043400057,0.9501929,0.050957512
1043,30782_right.png,0.987581,0.009966966,0.008258391
1044,30790_right.png,0.03600345,0.88767964,0.104503825
1045,30798_right.png,0.986733,0.010771456,0.008031155
1046,3079_right.png,0.06288817,0.9118613,0.06110141
1047,30837_left.png,0.04279156,0.94967294,0.051962372
1048,30842_left.png,0.98731786,0.010181343,0.008275863
1049,3084_left.png,0.9875737,0.009974846,0.008254536
1050,30878_right.png,0.023755794,0.61178046,0.41040167
1051,30889_left.png,0.94472677,0.047843337,0.01082943
1052,30919_right.png,0.6647716,0.32084808,0.011397328
1053,30925_left.png,0.026784003,0.057267748,0.9316954
1054,30925_right.png,0.050946377,0.9409687,0.04991593
1055,30949_right.png,0.55401355,0.39896432,0.01833041
1056,30959_right.png,0.9604631,0.030922499,0.01140567
1057,3096_left.png,0.98757964,0.009968504,0.008257505
1058,30984_left.png,0.024954818,0.039893605,0.9531867
1059,30984_right.png,0.025023947,0.039686024,0.95315385
1060,31019_left.png,0.98758113,0.009966778,0.008258457
1061,31055_left.png,0.07004711,0.92178077,0.045854654
1062,31108_right.png,0.045306273,0.94697225,0.051545948
1063,3113_left.png,0.19844158,0.7627507,0.030443855
1064,31163_right.png,0.05677155,0.93873674,0.04558663
1065,31205_right.png,0.029252818,0.6944744,0.31645212
1066,31208_left.png,0.8769438,0.08128914,0.02703278
1067,31237_right.png,0.9860313,0.010556692,0.008839158
1068,31253_left.png,0.98758113,0.009966792,0.008258454
1069,31272_left.png,0.04331706,0.94721776,0.05309189
1070,31273_left.png,0.6675898,0.28760922,0.018731603
1071,31273_right.png,0.770364,0.17712331,0.026726183
1072,31281_right.png,0.97503227,0.019242803,0.010239494
1073,31301_right.png,0.9637742,0.029413728,0.011336862
1074,31309_left.png,0.98722214,0.0102179535,0.008380818
1075,31309_right.png,0.98738664,0.0100380005,0.00834451
1076,31323_left.png,0.022538727,0.2436898,0.7634171
1077,31327_right.png,0.03273302,0.85435593,0.16523327
1078,31363_right.png,0.06344824,0.8789588,0.08344153
1079,31397_right.png,0.98738384,0.01012394,0.00829492
1080,31421_left.png,0.024724996,0.039556548,0.95371443
1081,31421_right.png,0.024664601,0.039635465,0.95373285
1082,31435_left.png,0.04913246,0.9440658,0.0488112
1083,31438_left.png,0.98425967,0.013299292,0.0073050694
1084,31450_left.png,0.24804336,0.7347112,0.025009342
1085,31461_left.png,0.043475628,0.9489998,0.051530056
1086,31496_right.png,0.48496163,0.0038877032,0.4584888
1087,31533_right.png,0.9875437,0.009994294,0.008266745
1088,31549_left.png,0.98758113,0.009966778,0.008258457
1089,31593_left.png,0.047822237,0.9350732,0.058134105
1090,31635_left.png,0.038458135,0.9169254,0.08366081
1091,3166_left.png,0.043619633,0.93561125,0.06328008
1092,3166_right.png,0.543585,0.43781146,0.02181723
1093,31671_left.png,0.91989774,0.06629946,0.014268789
1094,31682_left.png,0.043185975,0.9496155,0.051559426
1095,31693_left.png,0.043888085,0.9484304,0.051786497
1096,31708_right.png,0.91278505,0.06416927,0.024337925
1097,31718_left.png,0.98758113,0.009966778,0.008258457
1098,31746_right.png,0.987578,0.009966961,0.008259485
1099,31752_left.png,0.98758113,0.009966796,0.008258457
1100,317_left.png,0.050653495,0.880933,0.103190295
1101,31805_right.png,0.42499736,0.53274965,0.01751197
1102,31833_right.png,0.9875799,0.009968114,0.008258176
1103,31902_right.png,0.6153763,0.4024496,0.008292469
1104,31938_left.png,0.9875299,0.0100009,0.00826875
1105,31938_right.png,0.98758,0.009967813,0.0082582235
1106,31940_right.png,0.9805402,0.0164824,0.008403305
1107,31948_right.png,0.064427234,0.92767626,0.044468675
1108,31958_left.png,0.046174046,0.9471718,0.049714193
1109,31962_right.png,0.987553,0.009992996,0.008256368
1110,31979_right.png,0.17390059,0.7298783,0.07663474
1111,31981_right.png,0.9770646,0.017818404,0.011276707
1112,3199_left.png,0.04639329,0.9467722,0.050038114
1113,32000_left.png,0.043305352,0.9505006,0.050761975
1114,32006_left.png,0.9875809,0.009966636,0.008258637
1115,32012_left.png,0.98709106,0.01045854,0.008106226
1116,32015_left.png,0.04312465,0.9495634,0.05165668
1117,32092_left.png,0.3225064,0.63217586,0.022645585
1118,32124_left.png,0.04525888,0.9182657,0.072916724
1119,32148_left.png,0.7378111,0.24303351,0.020899128
1120,32178_left.png,0.061383974,0.9305902,0.043606225
1121,32202_right.png,0.048662208,0.94250053,0.051633928
1122,3220_right.png,0.028378462,0.105170764,0.89751303
1123,32221_left.png,0.025298245,0.060984652,0.9360676
1124,32247_right.png,0.4661859,0.5751795,0.011316651
1125,32307_right.png,0.9872214,0.010218662,0.008419556
1126,32334_right.png,0.043369237,0.9492336,0.051867925
1127,32339_left.png,0.030879386,0.83538127,0.17264171
1128,32339_right.png,0.024686068,0.039099272,0.95424145
1129,32383_left.png,0.050968338,0.75763583,0.18272366
1130,32383_right.png,0.36127347,0.5650563,0.038881574
1131,32445_left.png,0.98758113,0.009966778,0.008258465
1132,32454_right.png,0.042989496,0.9486387,0.05253639
1133,32493_left.png,0.98732287,0.010210149,0.008227989
1134,32507_right.png,0.98758054,0.009967423,0.008258066
1135,32535_left.png,0.04202658,0.92884547,0.068639114
1136,32538_left.png,0.028322646,0.48441318,0.44308957
1137,32604_left.png,0.9874538,0.009952535,0.008343598
1138,32610_left.png,0.9796423,0.01654288,0.008714894
1139,32630_left.png,0.042926755,0.92102975,0.076022744
1140,3265_right.png,0.6070054,0.34357113,0.030386271
1141,32686_left.png,0.04078011,0.9396237,0.059569664
1142,32783_left.png,0.03630059,0.83649343,0.13941403
1143,32801_left.png,0.98758113,0.009966787,0.008258462
1144,32815_right.png,0.9875793,0.009965808,0.0082600275
1145,32822_right.png,0.9850413,0.01233889,0.007936863
1146,32868_right.png,0.025000792,0.07371607,0.9199368
1147,32870_left.png,0.02441181,0.048264638,0.9445909
1148,32901_right.png,0.9520752,0.04017926,0.009977205
1149,3294_left.png,0.04502656,0.8334637,0.11267105
1150,32952_left.png,0.98757243,0.0099725155,0.008262645
1151,32978_left.png,0.032677382,0.035752,0.93915987
1152,32987_left.png,0.52911127,0.40840423,0.0252898
1153,32994_left.png,0.044705484,0.9467333,0.0529191
1154,33018_left.png,0.92834693,0.045988653,0.022239499
1155,33066_right.png,0.03973936,0.9285313,0.07627487
1156,33075_right.png,0.9662605,0.027810786,0.0072695506
1157,3307_left.png,0.02495151,0.05183948,0.94064623
1158,3308_left.png,0.06658184,0.63266164,0.26277733
1159,33152_right.png,0.12332735,0.8660924,0.038782224
1160,33158_right.png,0.98750114,0.0100418115,0.008252758
1161,33163_right.png,0.98758113,0.009966773,0.008258481
1162,33164_right.png,0.37187997,0.20441923,0.22232422
1163,33168_left.png,0.9010457,0.09439062,0.010567313
1164,33168_right.png,0.66004694,0.33381435,0.018746974
1165,33208_right.png,0.9730704,0.021680051,0.01090637
1166,3320_left.png,0.08376468,0.91748214,0.033905286
1167,33222_right.png,0.98680115,0.010729239,0.008130013
1168,33236_right.png,0.056038994,0.88672245,0.0847546
1169,33258_right.png,0.31517422,0.6783855,0.029111465
1170,33323_left.png,0.024546064,0.04322249,0.9509187
1171,33346_left.png,0.98319834,0.014208219,0.008088689
1172,33357_left.png,0.051284954,0.9211733,0.061003566
1173,33388_right.png,0.9871788,0.0102899615,0.008357754
1174,33457_right.png,0.9867901,0.010664166,0.00831077
1175,3353_left.png,0.98755974,0.009977572,0.008267711
1176,3357_right.png,0.9841538,0.0133147575,0.0076898444
1177,33580_left.png,0.051178675,0.7201323,0.21105738
1178,33627_right.png,0.81957215,0.15119478,0.012587929
1179,33658_right.png,0.7195551,0.25919127,0.01580614
1180,33734_right.png,0.9873706,0.01011179,0.008327064
1181,33751_left.png,0.024734749,0.039345287,0.95387775
1182,33775_left.png,0.98756534,0.009976061,0.008263036
1183,33794_left.png,0.9875794,0.009968448,0.008257868
1184,3380_left.png,0.9829153,0.014573399,0.0070616785
1185,33811_right.png,0.032694947,0.79595417,0.22941904
1186,33839_left.png,0.03889099,0.8772872,0.12780493
1187,33870_right.png,0.98758113,0.009966778,0.008258462
1188,33889_right.png,0.98366433,0.012255986,0.010650561
1189,33920_right.png,0.024424715,0.04147011,0.95260584
1190,33996_right.png,0.05988582,0.9319384,0.047039192
1191,34104_right.png,0.04309834,0.9201934,0.07254765
1192,34143_left.png,0.986613,0.009679385,0.009057219
1193,34161_left.png,0.03836091,0.7778716,0.15748815
1194,34168_left.png,0.97986734,0.015821837,0.01053836
1195,3425_right.png,0.987564,0.009979104,0.00825686
1196,34261_right.png,0.32181036,0.66503996,0.039309967
1197,34262_right.png,0.98758113,0.009966778,0.008258457
1198,34288_left.png,0.03068936,0.30968708,0.68375343
1199,3431_right.png,0.9714074,0.022535691,0.011872751
1200,3432_left.png,0.8241647,0.11887649,0.02927859
1201,34346_right.png,0.07228766,0.90237784,0.053234342
1202,34379_right.png,0.0587463,0.9330301,0.04354768
1203,34453_right.png,0.8642162,0.026450599,0.061230917
1204,34462_right.png,0.03800983,0.68661165,0.30741933
1205,3446_left.png,0.051495712,0.9412223,0.04696668
1206,34543_left.png,0.023958629,0.043487452,0.9504826
1207,34565_right.png,0.04540452,0.9465299,0.051268727
1208,34684_right.png,0.052161224,0.9360915,0.05365058
1209,34701_left.png,0.98758113,0.009966778,0.008258462
1210,34701_right.png,0.98758113,0.009966787,0.008258462
1211,34737_left.png,0.027603507,0.13968761,0.8408878
1212,34742_right.png,0.15428866,0.8354991,0.024563203
1213,34754_right.png,0.0651038,0.9254286,0.043815274
1214,34759_left.png,0.38466632,0.5077382,0.05130527
1215,34759_right.png,0.05414691,0.9264189,0.060420793
1216,3476_right.png,0.036917407,0.65258735,0.2601028
1217,34802_left.png,0.043281518,0.950095,0.05112073
1218,34816_left.png,0.98136544,0.015427549,0.009016436
1219,34822_left.png,0.04575122,0.78812563,0.191766
1220,34831_left.png,0.04031342,0.9407401,0.06230855
1221,34863_left.png,0.98758113,0.009966768,0.008258481
1222,34898_right.png,0.9782533,0.018491974,0.008599398
1223,3489_right.png,0.16981626,0.739145,0.052238792
1224,34918_right.png,0.98758113,0.009966745,0.008258493
1225,34934_left.png,0.9874751,0.010092521,0.008182208
1226,34999_left.png,0.23521131,0.7374613,0.02433849
1227,35012_right.png,0.13648358,0.8503706,0.03285812
1228,35017_left.png,0.98758113,0.00996673,0.0082585085
1229,35032_left.png,0.15650058,0.8245349,0.033688758
1230,35057_left.png,0.98758066,0.009967277,0.008258329
1231,35073_right.png,0.7446654,0.20665069,0.014594911
1232,35098_left.png,0.98069215,0.016121281,0.008668979
1233,35124_right.png,0.98758113,0.009966787,0.008258457
1234,35161_left.png,0.042878088,0.9467875,0.05408128
1235,35185_right.png,0.11832439,0.88533586,0.036265608
1236,3523_left.png,0.9847831,0.012515809,0.008294077
1237,35273_left.png,0.38646686,0.5244453,0.06432252
1238,35332_right.png,0.9875759,0.009972016,0.00825679
1239,35393_right.png,0.0396745,0.92077893,0.08074962
1240,35423_right.png,0.04400223,0.93068403,0.060864314
1241,35498_right.png,0.9810647,0.015306469,0.009261479
1242,35499_left.png,0.04420898,0.9425672,0.05654152
1243,35499_right.png,0.024942055,0.041078787,0.9522879
1244,35502_right.png,0.09307392,0.8953447,0.04079286
1245,35515_right.png,0.9434225,0.046283145,0.012022929
1246,35611_right.png,0.9875808,0.009966533,0.008258712
1247,35639_right.png,0.043267414,0.87761855,0.10468357
1248,3563_left.png,0.044634294,0.9457759,0.053144146
1249,3563_right.png,0.043154687,0.92725205,0.06527295
1250,35654_right.png,0.9815329,0.01313071,0.010124671
1251,35694_left.png,0.9875803,0.009967652,0.008258243
1252,35699_left.png,0.03128453,0.73324686,0.23173012
1253,35828_left.png,0.98749894,0.0099075455,0.008321616
1254,35931_right.png,0.09450367,0.9010459,0.034707714
1255,35955_left.png,0.0250791,0.04061243,0.9522613
1256,3604_right.png,0.22298011,0.7863877,0.022084117
1257,36060_right.png,0.98495007,0.01210967,0.008714988
1258,36090_right.png,0.043074127,0.94739074,0.05300803
1259,36127_left.png,0.039774284,0.8159803,0.13033643
1260,36175_right.png,0.03659175,0.9117644,0.08915622
1261,36181_right.png,0.98758066,0.009966401,0.00825884
1262,36211_left.png,0.3481802,0.6254564,0.014315302
1263,36251_right.png,0.95861435,0.034478206,0.011762297
1264,36253_right.png,0.08201643,0.9070865,0.039386857
1265,36283_right.png,0.9317214,0.054925084,0.016088337
1266,36305_right.png,0.95611775,0.037004128,0.010928005
1267,36336_left.png,0.81802076,0.17561477,0.012764739
1268,36347_right.png,0.9787052,0.018365381,0.007833802
1269,36360_left.png,0.28951615,0.7079937,0.035483375
1270,3637_right.png,0.046577808,0.94671065,0.04937961
1271,36423_right.png,0.04218666,0.8012331,0.13179158
1272,36445_right.png,0.9867388,0.010625948,0.0084720105
1273,36474_right.png,0.053640462,0.9400729,0.047054756
1274,3648_right.png,0.9834389,0.01373254,0.008206852
1275,36566_right.png,0.98757833,0.00996842,0.0082586445
1276,36579_right.png,0.022679396,0.072298944,0.9223646
1277,36580_left.png,0.04398866,0.94804305,0.05198955
1278,36621_left.png,0.043573227,0.94954866,0.05120994
1279,36657_right.png,0.9869071,0.009878041,0.008675137
1280,36662_left.png,0.9875809,0.009966937,0.00825843
1281,36692_left.png,0.9875802,0.009967145,0.008258345
1282,36729_left.png,0.92403215,0.063015506,0.015147772
1283,36829_right.png,0.9874657,0.01007364,0.008253034
1284,36983_right.png,0.48157087,0.5282865,0.019195143
1285,36990_right.png,0.06130963,0.92424935,0.054368444
1286,369_left.png,0.12649639,0.860384,0.03088116
1287,37003_right.png,0.029145187,0.1899004,0.7745009
1288,37089_left.png,0.05463969,0.93643653,0.046897747
1289,37117_left.png,0.02316634,0.048332002,0.9462605
1290,37185_left.png,0.9875799,0.009967225,0.008258696
1291,37212_left.png,0.095451765,0.8936528,0.03399734
1292,3725_left.png,0.9550354,0.03576813,0.010863763
1293,37383_right.png,0.98643094,0.0110113425,0.008221404
1294,37493_right.png,0.97640073,0.019410778,0.007930626
1295,37605_right.png,0.98757,0.009969526,0.008266213
1296,37612_right.png,0.36842194,0.5325381,0.049613275
1297,37766_left.png,0.054755367,0.9379448,0.04637127
1298,37773_right.png,0.022332989,0.42147064,0.6566762
1299,37776_right.png,0.98743224,0.010121646,0.008193352
1300,37829_left.png,0.032025345,0.8647545,0.15013112
1301,37848_right.png,0.035970755,0.71122915,0.21504381
1302,3784_left.png,0.04509535,0.9476568,0.051374033
1303,37875_right.png,0.03912957,0.9077918,0.08298783
1304,37901_right.png,0.08110725,0.9117554,0.042559694
1305,37907_left.png,0.72561324,0.24680065,0.013759541
1306,37945_right.png,0.0976,0.8801748,0.042434644
1307,37981_right.png,0.04366988,0.9419744,0.056451872
1308,3804_left.png,0.0248002,0.49626684,0.54043096
1309,3804_right.png,0.025125101,0.58611625,0.3857357
1310,38137_right.png,0.9875212,0.009925092,0.008303378
1311,38196_left.png,0.05596683,0.93478864,0.049648203
1312,38198_left.png,0.9853263,0.011980758,0.008354953
1313,38247_left.png,0.05228501,0.9318667,0.056130048
1314,38296_left.png,0.984885,0.01263112,0.00782936
1315,38321_left.png,0.04631837,0.8180514,0.12504825
1316,383_left.png,0.044328436,0.94942635,0.050166853
1317,38499_right.png,0.05754812,0.9347172,0.044782806
1318,38512_left.png,0.18625459,0.6847851,0.09054449
1319,38529_right.png,0.96708584,0.025815738,0.012872749
1320,38545_left.png,0.13220985,0.86904633,0.02625602
1321,38579_left.png,0.9643026,0.030156022,0.0069847624
1322,38595_right.png,0.98756146,0.009953903,0.008273108
1323,3860_left.png,0.9875771,0.009971003,0.008257207
1324,3868_left.png,0.8531883,0.13337828,0.008122699
1325,38722_right.png,0.0488028,0.94043237,0.052107662
1326,39145_right.png,0.043232065,0.94988763,0.051254097
1327,39168_right.png,0.95153254,0.037021704,0.014453916
1328,39199_right.png,0.04691376,0.94529593,0.050594233
1329,39290_left.png,0.98758113,0.009966778,0.008258457
1330,39294_left.png,0.98750395,0.010032743,0.008259223
1331,39294_right.png,0.98711675,0.01037517,0.008286231
1332,39379_left.png,0.09970765,0.89792305,0.035782184
1333,39444_left.png,0.987407,0.010113294,0.008272521
1334,39486_left.png,0.9623457,0.030823942,0.0083799865
1335,39495_left.png,0.043424033,0.94988,0.051068503
1336,39552_left.png,0.9859152,0.011402777,0.008428027
1337,39646_left.png,0.044785216,0.94836456,0.050478667
1338,39756_left.png,0.10025103,0.8822558,0.04225034
1339,39756_right.png,0.21850118,0.7638671,0.022453705
1340,39775_left.png,0.1830935,0.8027073,0.028032102
1341,39775_right.png,0.06309059,0.9280357,0.04372925
1342,39837_right.png,0.6482856,0.32189742,0.027266117
1343,39857_right.png,0.9697267,0.029222663,0.005534133
1344,39859_left.png,0.98758113,0.009966796,0.008258449
1345,39864_left.png,0.987581,0.009966665,0.008258578
1346,39920_left.png,0.024674103,0.038928203,0.95441455
1347,39942_left.png,0.0798602,0.90785134,0.04255919
1348,40015_left.png,0.044954237,0.94490033,0.053263888
1349,40076_left.png,0.9866187,0.010614886,0.008670865
1350,40078_right.png,0.9694315,0.023856685,0.012750524
1351,40108_right.png,0.49643677,0.46028498,0.013591966
1352,40138_left.png,0.9543297,0.025772499,0.01640815
1353,40188_right.png,0.7312013,0.23740761,0.014223207
1354,4019_left.png,0.043391857,0.92191726,0.06893919
1355,40232_left.png,0.984835,0.0122985095,0.008589513
1356,40269_right.png,0.9875075,0.010034505,0.008257859
1357,40405_right.png,0.03908171,0.31800395,0.6839584
1358,40588_left.png,0.6248189,0.36095828,0.014125188
1359,40647_right.png,0.81132114,0.1635176,0.013481669
1360,40657_left.png,0.024701353,0.03926502,0.95405245
1361,40691_right.png,0.042714797,0.9381803,0.061835807
1362,40696_right.png,0.97607803,0.019735247,0.009647146
1363,40715_right.png,0.9675252,0.029849673,0.005675605
1364,40742_left.png,0.9874672,0.010007295,0.00831708
1365,40767_right.png,0.31782117,0.57339406,0.04838683
1366,41020_left.png,0.9875595,0.009982712,0.008258391
1367,41201_right.png,0.024714876,0.039176293,0.95404404
1368,41253_left.png,0.14038417,0.85578436,0.028432885
1369,41336_left.png,0.043253988,0.9379802,0.059111625
1370,41403_left.png,0.040086485,0.07789771,0.89810437
1371,41415_right.png,0.97477496,0.02101925,0.009422144
1372,41451_left.png,0.9039375,0.08132147,0.014508399
1373,41499_right.png,0.045184966,0.9345346,0.06039371
1374,41506_right.png,0.0504622,0.9360995,0.055244688
1375,4155_right.png,0.05865147,0.700452,0.24124956
1376,41563_right.png,0.98220414,0.013864678,0.009696849
1377,41669_right.png,0.044498004,0.94766027,0.051621668
1378,41714_right.png,0.5722772,0.40945622,0.010165775
1379,41730_left.png,0.62820804,0.34353057,0.023701947
1380,41772_right.png,0.90569925,0.076692715,0.014640853
1381,41780_right.png,0.9875436,0.009987162,0.008269486
1382,4185_left.png,0.12728141,0.8638867,0.03714957
1383,41868_left.png,0.21984011,0.7574888,0.025566796
1384,41886_left.png,0.9865131,0.010897007,0.008349878
1385,41927_left.png,0.9875702,0.009975071,0.0082616955
1386,42059_right.png,0.95633554,0.036276016,0.011342229
1387,42122_left.png,0.987581,0.009966825,0.008258473
1388,42207_left.png,0.98757696,0.009963786,0.008261671
1389,42244_left.png,0.98755324,0.009990783,0.00825754
1390,42247_left.png,0.987164,0.0102814045,0.0084106065
1391,42296_left.png,0.027751973,0.70150936,0.35843605
1392,42336_right.png,0.0436219,0.94966364,0.05098268
1393,42344_right.png,0.98758113,0.009966778,0.008258457
1394,42417_right.png,0.9145216,0.07008758,0.008839255
1395,42448_left.png,0.101074405,0.88505733,0.03789055
1396,42516_right.png,0.98758113,0.009966834,0.008258427
1397,4252_right.png,0.041938137,0.94794905,0.05452408
1398,42580_left.png,0.9503632,0.043471158,0.01031822
1399,42603_right.png,0.98147523,0.015803937,0.007970478
1400,42624_right.png,0.63649315,0.36314705,0.017483229
1401,42633_right.png,0.9875689,0.009959844,0.008268267
1402,4276_left.png,0.04415558,0.94586605,0.053154804
1403,42813_left.png,0.10818171,0.8745483,0.037892252
1404,42846_left.png,0.9832472,0.013464057,0.00903319
1405,42897_left.png,0.9697072,0.024564264,0.0100663295
1406,43166_left.png,0.024611622,0.040471494,0.9531285
1407,43169_right.png,0.9867561,0.010717271,0.008259402
1408,43280_right.png,0.044976078,0.94775134,0.05096639
1409,43339_left.png,0.024671705,0.039012246,0.9543752
1410,43399_left.png,0.058047675,0.9370708,0.045964077
1411,43475_right.png,0.98758066,0.009966458,0.008258793
1412,43536_left.png,0.7125639,0.2744732,0.019224321
1413,43544_left.png,0.9846534,0.012890684,0.007481856
1414,43552_right.png,0.98758113,0.009966806,0.008258454
1415,43638_left.png,0.05496953,0.93748885,0.04569538
1416,43653_right.png,0.9735917,0.01419934,0.014539377
1417,43681_right.png,0.98758066,0.009966687,0.00825868
1418,43739_left.png,0.04257813,0.9421293,0.058748335
1419,4374_right.png,0.98758066,0.00996658,0.008258879
1420,43789_left.png,0.12141822,0.8520404,0.05442552
1421,43821_left.png,0.98756623,0.009959808,0.008269575
1422,43831_right.png,0.046500336,0.94508153,0.051406536
1423,43851_right.png,0.9868413,0.010509739,0.008312039
1424,43864_right.png,0.59740245,0.38605428,0.023074415
1425,43950_left.png,0.031273965,0.81974727,0.21055223
1426,43950_right.png,0.042554606,0.9488295,0.052978806
1427,43955_right.png,0.98757523,0.009962459,0.008262891
1428,4396_left.png,0.98754615,0.009990279,0.008274768
1429,43992_left.png,0.98733264,0.0102112135,0.008228647
1430,43998_right.png,0.04317121,0.9492724,0.051552683
1431,44077_right.png,0.9865579,0.010834054,0.00836253
1432,4421_left.png,0.04710684,0.9434969,0.053130377
1433,44251_left.png,0.98758113,0.009966768,0.008258484
1434,4428_left.png,0.9875804,0.009967322,0.0082582235
1435,4522_left.png,0.44627514,0.539563,0.014789708
1436,4530_left.png,0.9875051,0.0100338515,0.008253323
1437,4531_left.png,0.7113598,0.25225833,0.011853204
1438,4531_right.png,0.49185595,0.39867994,0.026645036
1439,4547_left.png,0.83463997,0.12396473,0.01946753
1440,454_right.png,0.0440493,0.94934416,0.050648153
1441,4552_right.png,0.04359699,0.9500517,0.050743707
1442,4567_right.png,0.09420829,0.90215963,0.04217854
1443,4604_right.png,0.9875246,0.010020616,0.008250256
1444,4656_right.png,0.97354037,0.024391389,0.005820023
1445,4667_left.png,0.058988523,0.9322074,0.04454476
1446,4693_left.png,0.6467718,0.3152693,0.026472641
1447,4841_left.png,0.7300831,0.22567007,0.011710794
1448,4883_right.png,0.977037,0.012995144,0.014141414
1449,4911_right.png,0.98758113,0.009966778,0.008258457
1450,4967_left.png,0.039884318,0.7789927,0.19967069
1451,4970_right.png,0.025214378,0.04984348,0.94103026
1452,5032_left.png,0.98757756,0.0099706035,0.008257235
1453,5034_left.png,0.05842249,0.92303324,0.055438735
1454,5043_right.png,0.077106565,0.905046,0.042703733
1455,5063_right.png,0.987571,0.009960527,0.008265279
1456,508_right.png,0.041558564,0.943444,0.05862102
1457,5093_right.png,0.11911159,0.8639659,0.03495128
1458,510_right.png,0.9867873,0.010288534,0.008599918
1459,5111_left.png,0.04789481,0.9446769,0.050937224
1460,5140_left.png,0.029609635,0.70289195,0.2748307
1461,5142_right.png,0.9753818,0.018304177,0.009341185
1462,5149_right.png,0.9870805,0.010387942,0.008319566
1463,5195_right.png,0.9875802,0.009967272,0.0082585085
1464,5229_left.png,0.98754823,0.009972963,0.008273679
1465,5261_left.png,0.94628114,0.038948175,0.017313225
1466,5298_right.png,0.055704262,0.93825936,0.04515813
1467,533_left.png,0.044763524,0.9422099,0.055147067
1468,5341_right.png,0.44941765,0.45569065,0.033908457
1469,534_left.png,0.8175146,0.16410828,0.015178397
1470,5384_left.png,0.09825508,0.8968592,0.036012493
1471,5396_left.png,0.04310476,0.94632137,0.053469658
1472,5399_left.png,0.06644185,0.85411984,0.08331366
1473,539_right.png,0.6695178,0.30000505,0.0235322
1474,5445_left.png,0.13444467,0.8545647,0.04080695
1475,5450_left.png,0.9862031,0.011160373,0.008387851
1476,564_right.png,0.9741251,0.021443458,0.009702143
1477,5651_left.png,0.98061174,0.016130108,0.008776404
1478,5652_left.png,0.041357372,0.9387265,0.058966458
1479,5657_left.png,0.98758066,0.009967097,0.008258433
1480,5657_right.png,0.9875799,0.009968011,0.008258188
1481,5660_left.png,0.08287904,0.84971297,0.08833402
1482,5676_left.png,0.98758113,0.009966778,0.008258457
1483,5753_right.png,0.8418056,0.15539299,0.008368776
1484,5760_right.png,0.987377,0.010090868,0.008309293
1485,5795_right.png,0.045317154,0.94754636,0.050584313
1486,5800_right.png,0.08721363,0.91193336,0.038059946
1487,5813_left.png,0.98758113,0.00996681,0.008258454
1488,5835_left.png,0.48503968,0.5163034,0.022226997
1489,5868_right.png,0.04212489,0.94296753,0.057764743
1490,5913_left.png,0.14108308,0.71530545,0.12113639
1491,5950_left.png,0.03632134,0.8476741,0.15355256
1492,6061_left.png,0.42308038,0.5665489,0.019640666
1493,6088_left.png,0.9875777,0.009970453,0.0082573565
1494,6088_right.png,0.9849975,0.012542517,0.007798104
1495,6093_right.png,0.13131846,0.8719341,0.021159977
1496,6217_left.png,0.04518904,0.9284162,0.06513492
1497,6259_left.png,0.23043054,0.7413774,0.02766857
1498,6321_right.png,0.02464363,0.040341247,0.95288676
1499,6326_left.png,0.053614784,0.70112175,0.1761697
1500,6339_left.png,0.048196148,0.94420105,0.049403496
1501,6392_left.png,0.0437125,0.94937474,0.051239446
1502,6397_right.png,0.9875788,0.009965395,0.008260004
1503,6433_right.png,0.024942333,0.038962286,0.9538065
1504,6464_left.png,0.98757964,0.009968396,0.008258051
1505,6465_left.png,0.91213965,0.07432556,0.015165972
1506,6465_right.png,0.91236234,0.07189255,0.017766887
1507,6502_right.png,0.98756486,0.009980234,0.008260336
1508,6564_right.png,0.9875178,0.0100262,0.00825506
1509,658_right.png,0.98572874,0.011679605,0.007858145
1510,6591_right.png,0.8995411,0.08560397,0.010890318
1511,6598_left.png,0.9868528,0.010390451,0.008687127
1512,6644_left.png,0.9873338,0.01009102,0.008379439
1513,6644_right.png,0.98757964,0.009968085,0.00825779
1514,6645_right.png,0.0750923,0.91541314,0.04754888
1515,6687_left.png,0.024659665,0.04089151,0.9522742
1516,6765_left.png,0.9875799,0.009968048,0.008257977
1517,6824_right.png,0.98757625,0.009963381,0.008262051
1518,6851_right.png,0.047044087,0.9375777,0.05587599
1519,6860_right.png,0.02505767,0.03872727,0.953563
1520,6874_left.png,0.92094135,0.013759405,0.03979482
1521,6916_right.png,0.98758113,0.009966749,0.008258493
1522,6922_right.png,0.042680543,0.9453173,0.05512284
1523,6968_right.png,0.044289034,0.9463913,0.052973162
1524,7014_right.png,0.98758113,0.009966778,0.008258457
1525,7060_right.png,0.9862119,0.011333656,0.007998399
1526,7074_left.png,0.9875493,0.00999983,0.008243762
1527,7249_left.png,0.10513829,0.8908808,0.029726887
1528,7306_right.png,0.043319423,0.9497259,0.05132036
1529,7317_left.png,0.029506642,0.64359736,0.402045
1530,7322_right.png,0.98727477,0.010204439,0.00825026
1531,7329_right.png,0.050777875,0.9415317,0.048751812
1532,7349_left.png,0.9875799,0.009967963,0.008257848
1533,7349_right.png,0.98739547,0.010129518,0.00823496
1534,7352_left.png,0.987581,0.00996673,0.0082585355
1535,7384_right.png,0.9859928,0.011257249,0.008589931
1536,7394_right.png,0.98758113,0.009966778,0.008258457
1537,7398_left.png,0.8088168,0.1976472,0.00937061
1538,7469_right.png,0.3947526,0.6170052,0.014648959
1539,7512_right.png,0.4173829,0.60928714,0.015664523
1540,7531_right.png,0.120547384,0.43776724,0.3017333
1541,7565_right.png,0.9609038,0.03402717,0.010109771
1542,7623_left.png,0.7835572,0.17614412,0.026034217
1543,7623_right.png,0.15902735,0.8152799,0.038662933
1544,7641_left.png,0.9004364,0.08665157,0.013160705
1545,7695_right.png,0.98758113,0.009966778,0.008258457
1546,7755_right.png,0.5318198,0.4168217,0.014134424
1547,7835_right.png,0.25380757,0.7287967,0.039651822
1548,7846_right.png,0.07486976,0.9154462,0.042693462
1549,7861_right.png,0.987581,0.009966655,0.008258586
1550,78_left.png,0.7714915,0.15486173,0.024556005
1551,7906_left.png,0.98758113,0.009966778,0.008258462
1552,7912_left.png,0.30373642,0.71151656,0.023034431
1553,7930_left.png,0.9286495,0.05574178,0.017319366
1554,7971_left.png,0.70210314,0.26900694,0.018881952
1555,8056_right.png,0.35020915,0.65305096,0.02665179
1556,80_right.png,0.9875793,0.00996881,0.008257969
1557,8192_right.png,0.9874149,0.01009711,0.008292076
1558,8264_right.png,0.98725325,0.010241737,0.008306786
1559,8379_right.png,0.023687737,0.060883455,0.9321611
1560,837_right.png,0.9874564,0.01002674,0.0083138
1561,8404_right.png,0.98551685,0.011440024,0.008940565
1562,8446_left.png,0.024151716,0.2192741,0.77510697
1563,8670_right.png,0.98758113,0.009966815,0.008258454
1564,8678_left.png,0.72521627,0.27387807,0.010489799
1565,8707_left.png,0.98590255,0.011482563,0.008310951
1566,870_right.png,0.98755544,0.009981704,0.008266358
1567,8729_left.png,0.9873389,0.010146563,0.00832871
1568,8729_right.png,0.98758066,0.009967093,0.00825843
1569,8751_right.png,0.33763397,0.53263795,0.05762245
1570,8848_left.png,0.9875809,0.009967126,0.008258325
1571,8854_left.png,0.9871574,0.010237851,0.008373822
1572,8856_left.png,0.9799096,0.017033681,0.008143645
1573,9301_left.png,0.10486852,0.8929919,0.03230126
1574,9330_right.png,0.07463716,0.9097023,0.04935846
1575,9395_right.png,0.040347986,0.036639627,0.91806984
1576,945_right.png,0.98315537,0.013922737,0.008517981
1577,9503_left.png,0.98726547,0.010227878,0.008283317
1578,9594_left.png,0.031917237,0.84105366,0.1628197
1579,9620_left.png,0.98750997,0.01003422,0.008243462
1580,9664_left.png,0.13627656,0.85510784,0.026359806
1581,9690_right.png,0.036247812,0.92322063,0.082150504
1582,9712_left.png,0.4266787,0.525254,0.019655544
1583,9712_right.png,0.05841424,0.9320514,0.048095297
1584,9717_right.png,0.037126914,0.8309775,0.15327702
1585,973_left.png,0.041399375,0.94473267,0.05791445
1586,9855_left.png,0.9874418,0.010103632,0.00823958
1587,9876_right.png,0.9676848,0.027690116,0.009640916
1588,9893_right.png,0.04158368,0.9401657,0.061272204
1589,9944_left.png,0.98758113,0.009966778,0.008258457
1590,9990_right.png,0.9875802,0.009967615,0.008258347
1591,99_right.png,0.9603794,0.035498027,0.008309088
1592,9_left.png,0.089644864,0.8364769,0.090072535
